x1,y1,z1,phix1,phiy1,phiz1,arm_1_joint,arm_2_joint,arm_3_joint,arm_4_joint,arm_5_joint,arm_6_joint,arm_7_joint,head_1_joint,head_2_joint,Unnamed: 15,torso_lift_joint
0.188131,-0.136957,0.9747969999999999,2.2264,-0.2421,0.06644299999999999,1.6507,-0.470239,0.406724,0.15541,1.05846,0.79908,0.976283,0.403364,-0.827941,,0
0.131723,-0.0386594,0.7733760000000001,2.36662,0.0470221,-0.145083,1.61543,-0.849073,-2.51045,1.41308,-1.63785,0.005368100000000001,0.441007,0.6521779999999999,-0.45932799999999996,,0
0.0931924,-0.0351905,0.498104,2.7223599999999997,-0.335619,0.106004,1.83782,-1.02085,-3.12702,2.02658,-0.492149,-0.08205520000000001,-0.49611000000000005,0.510876,-0.25351799999999997,,0
0.104403,-0.00569548,0.5318350000000001,2.4371400000000003,-0.20515999999999998,-0.094167,1.9697200000000001,-0.00244758,-3.0702700000000003,1.35633,-0.06730239999999998,-0.138037,-0.9593,0.804231,0.379268,,0
0.101477,0.227275,0.9031520000000001,2.10049,-0.0236392,-0.29834,2.2596,-0.28619,-0.0702695,-0.14827100000000001,0.831471,0.739264,0.43563900000000005,0.928638,-0.176724,,0
-0.0904253,-0.0977015,0.785641,2.07356,-0.0561952,0.183886,1.6706400000000001,0.46841099999999997,-1.18223,0.011238600000000001,1.90356,0.294479,-1.19856,-0.0282212,-0.0584604,,0
0.0179738,-0.053286099999999996,0.81371,2.50357,0.0468604,-0.138218,2.55868,0.00828861,0.42973100000000003,-0.200418,1.98638,0.7116560000000001,0.08517849999999999,1.1068,-0.17211600000000002,,0
0.18576099999999998,0.00675728,0.704464,2.61938,0.126771,-0.025178400000000004,1.5724799999999999,0.371786,-0.169963,0.21982800000000002,1.3192,1.07592,0.15496400000000002,0.27742100000000003,0.061339,,0
0.179001,0.014842900000000001,0.5527989999999999,2.78899,0.537837,-0.21770100000000003,1.55408,0.519025,-1.45371,0.51584,0.360612,1.2937100000000001,-0.490742,0.560025,0.313225,,0
0.125708,-0.027195900000000002,0.760888,2.3340400000000003,0.113587,-0.308172,1.04948,-1.11594,-2.04573,1.6201299999999998,-1.54736,-0.0667178,0.18103699999999998,0.475551,-0.682032,,0
0.125308,0.139656,0.530887,2.41926,-0.133262,0.09318589999999999,1.52954,-1.27085,-3.01812,2.11247,-0.581106,-0.11886500000000001,-0.560527,0.345,-0.141398,,0
0.25637600000000005,0.0387824,0.603433,2.36298,-0.269403,0.037569599999999995,0.736593,-0.9579690000000001,-1.6530900000000002,1.89314,-0.5473640000000001,-0.0406442,-0.10270499999999999,0.7765850000000001,-0.643634,,0
-0.104331,0.185416,0.831066,2.07424,-0.18177100000000002,-0.0907348,1.1231,-0.421159,-2.4491,0.867067,-0.0366275,0.293712,-0.9746370000000001,-0.29393,-0.10453699999999999,,0
0.12070399999999999,0.052724900000000005,0.7769689999999999,2.15395,-0.0624112,0.032213,1.59089,0.0865095,-1.97058,0.925349,0.572268,0.453988,-0.830466,0.599958,0.00297517,,0
-0.00167094,-0.035007800000000006,0.748218,2.8346400000000003,0.5806600000000001,-0.273893,1.69518,-0.36441100000000004,-1.69297,0.598662,-0.188468,1.25153,-0.835067,0.46940699999999996,-0.41325100000000003,,0
0.0349499,0.0237785,0.9299729999999999,2.18303,-0.275046,0.124634,2.03567,-0.16655799999999998,-2.84174,-0.131399,-1.69307,0.691718,0.7377859999999999,0.5707760000000001,-0.379461,,0
-0.037123199999999995,0.200004,0.890289,2.2845299999999997,0.18873299999999998,-0.28792399999999996,1.02647,-0.818399,-2.67456,0.48363100000000003,-1.01516,0.796779,-0.490742,-0.473629,-0.42707399999999995,,0
-0.17313699999999999,-0.0491129,0.9362659999999999,2.10353,-0.103442,-0.10565699999999999,2.54334,-0.09293839999999999,0.11071199999999999,0.0587846,1.9204299999999999,0.37653400000000004,-0.10500599999999999,0.818054,-0.44396899999999995,,0
-0.0587547,0.225406,0.6334609999999999,2.34116,-0.123321,-0.28149,1.63383,-0.26165,-1.39849,1.71523,0.35754400000000003,1.07592,-1.06283,0.851844,-0.141398,,0
0.315227,-0.0469515,0.900792,2.32112,-0.200451,0.09149960000000001,0.9881270000000001,-0.407356,0.43126400000000004,0.164613,1.1535600000000001,0.9739260000000001,0.918767,-0.12190999999999999,-0.695855,,0
-0.202256,0.025155599999999997,0.883446,2.19475,-0.160598,0.0451268,2.29948,-1.14202,-3.3110699999999995,1.11707,-0.202272,0.22316,-1.25224,0.366503,-0.680496,,0
-0.101637,-0.0991224,0.9591059999999999,2.3478,0.25959899999999997,-0.16584100000000002,0.610826,-0.674227,-1.30033,0.0955944,0.762452,0.877301,-0.712368,-1.13099,-0.8494440000000001,,0
0.0587136,0.059043,0.824631,2.29412,0.0572392,0.0393214,1.53261,-1.21871,-3.21137,1.42995,-1.13172,0.07361960000000001,-0.378012,-0.00211103,-0.54073,,0
0.156607,0.0602712,0.7989,2.52389,-0.192799,0.023678599999999998,1.09395,-0.00858255,0.218074,0.271975,1.64589,1.18865,0.544534,-0.272428,-0.22433699999999998,,0
-0.23122600000000001,0.0287012,0.8623129999999999,2.2015700000000002,-0.313287,0.0261742,2.3010099999999998,-1.3168600000000001,-2.96137,1.30418,0.13055,0.22776100000000002,-1.4033200000000001,0.5477380000000001,-0.728108,,0
0.16542300000000001,0.06159389999999999,0.523718,2.87818,-0.538024,0.0169035,0.8715620000000001,-0.48864399999999997,-1.62548,1.614,-0.280493,1.11503,-0.012214200000000001,0.343464,-0.293452,,0
0.177552,-0.09643539999999999,0.696908,2.3178400000000003,-0.027688,0.068488,0.9053049999999999,0.857982,-0.53346,0.7167600000000001,1.15816,0.739264,0.17797000000000002,-0.243246,0.0644108,,0
-0.04241930000000001,-0.14627300000000001,0.793158,2.4498599999999997,0.132917,-0.37326,1.6783099999999997,-0.684963,-2.8662799999999997,1.1216700000000002,-0.030492500000000002,-0.00920245,-1.63415,0.286636,-0.508476,,0
-0.0674244,0.09199960000000001,0.453323,2.1991099999999997,0.285956,-0.219506,1.47586,0.37638699999999997,-2.15769,1.7029599999999998,0.843741,1.25997,-1.87494,0.45711999999999997,0.5251779999999999,,0
0.140516,0.119745,0.491781,2.65252,0.7307130000000001,-0.44007399999999997,0.55101,-1.13742,-0.9675090000000001,1.88854,-1.0611700000000002,0.6326689999999999,-0.9401280000000001,1.08683,-0.700462,,0
0.153451,0.047280199999999994,0.843781,2.6440799999999998,-0.10523900000000001,-0.0623927,0.44518199999999997,-0.686497,-1.18377,0.744367,-0.0366275,1.2162600000000001,-0.11804200000000001,-0.441375,-0.7066060000000001,,0
0.173074,-0.11551700000000001,0.918156,2.22313,0.07687310000000001,-0.197214,1.9160400000000002,-0.832202,-2.92917,0.8686010000000001,-0.0212901,-0.19478499999999999,-1.53982,0.7458670000000001,-0.695855,,0
-0.0957025,0.121565,0.514278,2.45036,-0.469463,0.157449,1.17524,-1.3015299999999999,-3.10094,2.09559,-0.940002,0.0421779,-0.21390100000000004,-0.51817,-0.181332,,0
-0.11063699999999999,-0.02115,0.68725,2.50596,-0.20797600000000002,0.0431343,2.40224,0.115651,-3.16383,0.5894590000000001,-1.61945,0.476994,0.20327699999999999,0.725901,0.155028,,0
0.168691,-0.06998560000000001,0.6313310000000001,2.1667099999999997,-0.00877881,-0.04896880000000001,1.6921099999999998,0.632522,-2.90769,0.55265,-0.203805,-0.0375767,-0.726171,0.598422,0.457599,,0
0.25792,0.06965650000000001,0.840607,2.40171,0.10596199999999999,-0.013926499999999998,1.8700299999999999,-0.339871,-1.98745,0.554183,-0.45993999999999996,0.718558,-0.039821499999999996,0.881026,-0.2827,,0
-0.160084,-0.100004,0.9752940000000001,2.1840900000000003,-0.16247999999999999,0.109867,1.6399700000000001,-0.652754,-0.17763099999999998,-0.102258,1.98638,0.5069020000000001,-0.141815,-0.169523,-0.844836,,0
-0.17440899999999998,-0.0327914,0.738046,2.70581,0.33222199999999996,-0.288096,2.10162,0.029761000000000003,-2.6653599999999997,-0.269436,-1.10565,1.19632,-0.428625,0.33424899999999996,-0.25351799999999997,,0
-0.00969176,-0.112679,0.949591,2.20363,0.102903,-0.33048299999999997,2.0295400000000003,-0.283122,-2.1086099999999997,-0.228025,-1.04736,0.565951,0.26616,0.45251199999999997,-0.632883,,0
-0.0827591,0.257452,0.655211,2.09217,-0.323092,-0.0583932,1.6599099999999998,0.39172399999999996,-1.16383,1.59713,0.8115319999999999,1.19555,-0.529085,0.696719,0.0674825,,0
-0.0705562,0.13484200000000002,0.524463,2.50088,0.149848,-0.0612466,1.9421099999999998,-0.0868034,-3.1362200000000002,1.15234,-1.35258,0.49463199999999996,-0.377245,0.271277,0.512891,,0
0.27163899999999996,0.193892,0.6131770000000001,2.1327599999999998,0.20061700000000002,0.0398589,0.55101,-0.276987,-3.0779400000000003,1.30265,-1.89552,-0.0506135,0.667234,-0.648721,0.362373,,0
0.202747,0.152151,0.670227,2.5024599999999997,0.276494,-0.143954,2.23659,0.264424,-1.1761,-0.168209,0.299262,1.03144,0.145761,0.916351,0.300938,,0
0.0245969,0.049292199999999994,0.316301,-2.7658099999999997,0.44367700000000004,0.151816,1.7688,-1.23098,-3.08714,1.97443,-1.47221,0.967791,-0.361141,0.348072,-0.2827,,0
0.258322,0.332217,0.881375,2.0969,0.0363973,-0.052758000000000006,1.8777,-0.8751469999999999,-2.33407,0.666147,-1.3295700000000001,0.6326689999999999,0.306804,0.9931459999999999,-0.347208,,0
0.283006,0.0997933,0.9210370000000001,2.33343,-0.0137543,-0.131116,1.82095,-0.73711,-1.3908200000000002,0.46676000000000006,-0.6010449999999999,0.910276,0.250823,1.09605,-0.711214,,0
0.121225,-0.0721279,0.708937,2.45032,-0.115771,-0.0467715,0.951317,-0.336803,-2.59634,1.12934,-0.482947,0.169479,-0.42402399999999996,-0.158772,-0.182867,,0
-0.26271700000000003,0.183675,0.651837,2.09649,-0.187383,0.012936600000000001,2.5096,0.315037,-1.7083099999999998,1.21523,0.906624,1.03298,-1.1694200000000001,1.13598,0.26868400000000003,,0
0.287866,-0.0332304,0.768702,2.52861,-0.372127,0.156345,0.389967,-0.125147,-1.60248,0.46982799999999997,-0.282026,0.894172,0.644228,-0.5796060000000001,-0.321098,,0
-0.010423100000000001,-0.060034199999999996,0.855142,2.12115,-0.330329,0.157882,1.79027,0.146325,-1.76045,0.258171,-0.48448,0.33205500000000004,0.6557310000000001,0.406436,-0.20437,,0
0.204733,0.0681585,0.656643,2.54941,0.144515,-0.199811,0.925243,-0.336803,-1.1408200000000002,1.67842,0.201103,1.07899,-0.8220299999999999,0.5707760000000001,-0.554553,,0
-0.22555799999999998,0.08127100000000001,0.731125,2.36082,-0.152299,0.200291,2.46205,0.215344,-0.17916500000000002,-0.0194363,1.88822,0.865798,-0.22080300000000003,0.581527,0.0843773,,0
0.015055700000000002,0.21456,0.661254,2.1846799999999997,-0.20186199999999999,-0.231446,0.31328,-0.464104,-1.4076899999999999,1.79805,0.500182,0.781442,-1.1786299999999998,-0.28625100000000003,-0.30881,,0
0.292621,-0.0967173,0.907618,2.17003,0.174759,0.024828299999999998,2.2519299999999998,-0.0162513,-0.0978768,0.133938,0.975642,0.46472399999999997,0.461712,1.05151,-0.46086400000000005,,0
0.00666125,0.29395,0.766556,2.2492900000000002,-0.0350366,0.128446,1.94365,0.0220923,-3.12548,-0.031706200000000004,-1.4216,0.946319,0.113553,0.380326,0.182674,,0
0.302711,0.0510707,0.714777,2.41728,0.126857,-0.157317,1.255,-0.557662,-1.39389,1.4913,-0.05656619999999999,0.627301,-0.6241770000000001,1.03154,-0.606773,,0
0.0686081,0.162179,0.5943350000000001,2.26605,-0.00319153,0.0907887,2.4405799999999997,-1.17116,1.3055,2.0204400000000002,-0.467609,-0.769939,-1.1671200000000002,-0.177202,-0.553017,,0
0.175587,0.0728443,0.629043,2.16831,0.00853026,0.0379746,1.3454899999999999,0.6585949999999999,-2.21597,0.569521,0.138219,0.46012299999999995,-0.320496,0.37111,0.6188670000000001,,0
0.011507,-0.0934673,0.6202270000000001,2.3207299999999997,-0.385883,0.100793,1.6461,0.0589021,-1.84788,1.7029599999999998,1.05693,0.7760739999999999,-1.01988,0.900992,-0.25351799999999997,,0
0.0630716,-0.0233671,0.6727569999999999,2.5340700000000003,-0.00569868,-0.0216615,0.718188,-0.991711,-2.12088,1.7290299999999998,0.30233000000000004,0.509202,-1.51682,-0.137269,-0.49926099999999995,,0
0.247356,-0.056386,0.791439,2.3485,0.371273,-0.419707,1.19058,-0.8368030000000001,-1.4491,1.38087,-0.19306900000000002,0.38650300000000004,-1.0682,0.9578200000000001,-0.8678739999999999,,0
0.260848,-0.07394099999999999,0.573163,2.4213,0.167168,-0.19753099999999998,0.164507,0.692338,-2.8264,0.281177,-1.30503,0.5191720000000001,0.32981,-0.8744959999999999,0.503675,,0
0.0863198,0.194424,0.59517,2.3425599999999998,0.09626280000000001,-0.0101225,0.55101,-1.29386,-1.15923,1.9330200000000002,0.08300439999999999,0.643405,-1.5221799999999999,0.567704,-0.517691,,0
0.204684,0.209254,0.823786,2.32674,0.18194100000000002,-0.285039,0.656838,-0.319932,-1.57487,-0.137534,-0.372517,1.0782200000000002,0.185639,-0.661008,-0.212049,,0
0.14921099999999998,0.148059,0.48934300000000003,2.8380900000000002,0.050506,-0.13889200000000002,1.1231,-1.23711,-1.9107599999999998,1.84713,-1.1854,0.6441720000000001,-0.203932,0.778121,-0.305739,,0
-0.17993199999999998,-0.029715,0.91455,2.33989,0.125004,-0.318008,1.7319900000000001,-0.795392,-1.4445,0.8839379999999999,0.46643999999999997,0.9785280000000001,-1.11958,0.41104300000000005,-0.832549,,0
0.0609427,0.27210500000000004,0.823268,2.48142,0.0774165,-0.0128202,2.4053,-0.436497,-1.31413,-0.05317859999999999,0.24251399999999998,1.24847,0.0828779,0.925566,-0.17826,,0
0.11322,-0.0465244,0.8927,2.19919,-0.19205,0.11458900000000001,0.949783,-0.408889,-1.48898,1.0296399999999999,0.530857,0.565951,-0.5697300000000001,0.042429800000000004,-0.629811,,0
0.06439199999999999,0.0160596,0.533143,2.59629,0.054216099999999996,-0.0187148,1.70592,-0.40428800000000004,-2.93683,1.59866,0.00478353,0.22239299999999998,-1.3542399999999999,0.403364,0.162708,,0
0.0334978,-0.00926548,0.7391909999999999,2.5680400000000003,-0.039614699999999996,-0.126912,2.00807,-1.09601,-2.41229,1.54651,-0.786628,0.279908,-0.50838,1.01158,-0.49926099999999995,,0
-0.112076,0.0261047,0.883309,2.16074,-0.192656,-0.26242,1.41144,-0.34754,-1.7282400000000002,0.9376190000000001,0.520121,0.43328199999999994,-1.02065,0.21598499999999998,-0.44396899999999995,,0
0.351339,0.175426,0.843942,2.12626,-0.0511479,0.125722,1.74273,-0.14355199999999999,-1.68223,-0.06084730000000001,-0.7666890000000001,0.7875770000000001,0.9333379999999999,0.64757,-0.176724,,0
-0.06436069999999999,-0.0372712,0.81684,2.41532,-0.24242800000000003,0.0397098,0.824016,-0.8444719999999999,-1.5626,1.33179,0.323802,0.8573620000000001,-0.894883,-0.13880499999999998,-0.751147,,0
0.0379112,-0.0560735,0.641716,2.60665,0.21563600000000002,-0.300363,0.641501,-1.2923200000000001,-1.5672,1.8379299999999998,0.104477,0.332822,-1.75761,0.346536,-0.792616,,0
-0.0705087,-0.03411380000000001,0.8963549999999999,2.57392,-0.17660499999999998,-0.0036613,2.04488,-0.626681,-1.5794700000000002,-0.172811,-0.047363699999999995,1.05982,0.280731,0.349608,-0.675888,,0
0.07226189999999999,0.128056,0.5350239999999999,2.14684,-0.362811,-0.05787130000000001,1.36389,0.551233,-1.66229,1.7213599999999998,0.678096,0.906442,-0.35884,0.9271020000000001,0.228751,,0
-0.0180548,0.0336939,0.518455,2.35069,0.023452900000000002,-0.0009564310000000001,2.01267,0.173933,-2.86782,1.3517299999999999,0.55233,0.380368,-1.8688099999999999,0.627604,0.575862,,0
0.144608,0.0477791,0.8393930000000001,2.119,-0.14569400000000002,-0.25964499999999996,1.09702,-0.537724,-1.9460400000000002,1.16615,0.9879120000000001,0.05521469999999999,-1.77678,0.345,-0.45779200000000003,,0
0.027001400000000002,0.10628499999999999,0.577521,2.35632,-0.058846800000000005,0.104842,1.35622,0.160129,-2.66076,1.0771899999999999,-0.11945,0.500767,-0.823564,0.0593246,0.534393,,0
0.112783,0.17235799999999998,0.812753,2.55059,0.0347964,-0.012861299999999999,1.36083,-1.22791,-3.3494099999999998,0.9514229999999999,-1.8893900000000001,0.8565950000000001,0.351283,-0.106552,-0.531514,,0
0.18676099999999998,0.126237,0.706396,2.30389,-0.051113900000000004,-0.0816515,0.423709,-0.9886440000000001,-1.40309,1.69682,0.139753,0.364264,-1.1326100000000001,0.32042600000000004,-0.642099,,0
0.19815,-0.0873385,0.765253,2.25679,0.369793,-0.35926199999999997,0.6507029999999999,-0.275454,-2.7267099999999997,0.894674,0.07686939999999999,0.108896,-1.61114,-0.49973900000000004,-0.239695,,0
-0.278739,-0.00549219,0.7227060000000001,2.17145,-0.22255300000000003,-0.0461671,2.46205,0.673933,-0.34634299999999996,0.328723,1.63822,0.54908,-0.306693,0.638355,0.156564,,0
0.194473,0.0146296,0.5656770000000001,2.44887,-0.0392,-0.06366269999999999,0.753464,-0.629748,-1.39542,2.0986599999999997,0.650489,0.631135,-1.39028,0.704398,-0.632883,,0
0.109383,0.0490172,0.537806,2.51021,-0.246408,-0.00415414,1.41604,-0.8398709999999999,-2.24205,1.97443,0.51552,0.304448,-1.39105,0.7320439999999999,-0.190547,,0
0.21489,0.153604,0.8550399999999999,2.1451700000000002,0.031048400000000004,0.00575032,2.1905799999999997,-0.0208525,-1.51045,-0.166676,-0.418529,0.702454,0.646528,0.870274,-0.07996289999999999,,0
0.14875,-0.0569951,0.6376149999999999,2.10541,0.0973807,0.13112100000000002,1.14764,0.153994,-3.09021,1.14621,-1.60104,-0.47316,0.35435,-0.197169,0.20878400000000003,,0
-0.0236101,0.216979,0.713454,2.16572,-0.296653,-0.0360346,1.73813,-1.31073,-2.9552400000000003,1.7321,-0.147057,-0.20168699999999998,-1.1494799999999998,0.409507,-0.288844,,0
0.0863291,-0.011580799999999999,0.707123,2.08699,-0.0261378,0.059872,1.96205,-0.191098,-2.6438900000000003,1.3885399999999999,-1.5412299999999999,-0.485429,0.703277,0.8472360000000001,-0.0108478,,0
-0.08622410000000001,0.02393,0.532197,2.542,-0.401282,0.0908473,1.53567,-0.117478,-3.38775,1.27197,0.438833,-0.276074,-1.89412,-0.253997,0.319368,,0
-0.0538342,0.0294421,0.656057,2.29022,0.158177,-0.055926300000000005,2.0954900000000003,0.675467,-3.2589200000000003,0.0879257,-1.38939,0.5713189999999999,-0.425558,0.42640200000000006,0.48985200000000007,,0
0.0614369,0.0792075,0.816001,2.19667,0.143057,-0.17085899999999998,1.58322,-0.7708520000000001,-2.5503299999999998,1.28118,0.44496800000000003,0.314417,-1.8412,0.41104300000000005,-0.30881,,0
0.00423456,0.106778,0.88939,2.1398099999999998,-0.291423,0.148207,1.44211,-0.526987,-1.14849,1.22596,0.52779,0.9125770000000001,-0.437828,0.53545,-0.634419,,0
-0.0169574,0.22040300000000002,0.771879,2.24562,0.21394200000000002,-0.120648,1.83475,0.21074299999999999,0.135252,0.261239,1.9817799999999999,1.0337399999999999,-0.26758200000000004,0.21598499999999998,0.125846,,0
-0.273733,0.11574300000000001,0.834142,2.19977,0.00652501,-0.287871,1.97279,-0.666558,-3.01812,0.827189,-0.562701,0.353528,-1.18859,0.139191,-0.31802600000000003,,0
0.00055838,0.027254300000000002,0.39260900000000004,2.4875,-0.170942,0.13095299999999999,0.7243229999999999,0.611049,-2.09021,1.63854,0.722575,1.2592,-0.933226,-0.055867200000000006,0.5789340000000001,,0
0.0140566,0.021058599999999997,0.7533920000000001,2.4836099999999997,-0.130716,-0.15188,2.0832200000000003,0.460743,-0.6270180000000001,0.46829399999999993,0.79006,1.0168700000000002,0.15112899999999999,0.7612260000000001,0.045980099999999996,,0
-0.06799169999999999,0.000510836,0.51579,2.4389,-0.165972,0.22051700000000002,1.88537,-0.818399,-3.2911300000000003,2.0158400000000003,-1.8495099999999998,-0.354294,0.406497,0.043965699999999996,-0.121432,,0
0.19921,-0.100465,0.763845,2.7614400000000003,0.314781,-0.187773,1.68445,-0.352141,-1.72058,0.719828,-0.29276199999999997,0.9762270000000001,-0.364208,0.7765850000000001,-0.490045,,0
-0.0767412,0.059206299999999996,0.287991,2.97095,0.49102299999999993,-0.149478,0.6461020000000001,-0.102141,-2.88009,1.5587799999999998,-1.20841,0.715491,-0.841202,-0.871425,0.623475,,0
0.18051199999999998,0.025011099999999998,1.0117399999999999,2.09472,0.08071389999999999,0.12059500000000001,1.47432,-0.654288,0.33463899999999996,-0.05317859999999999,1.8790200000000001,0.517638,0.219381,0.133047,-0.737324,,0
0.303331,0.209765,0.7475310000000001,2.26945,-0.277597,0.0176942,1.29334,-0.01165,-1.1761,0.287312,-0.120983,1.0782200000000002,0.771528,0.343464,-0.0154555,,0
0.0441806,0.012721399999999999,0.847356,2.28361,0.07091610000000001,0.06329270000000001,2.22739,-0.881282,-2.61015,1.2765799999999998,0.320734,0.407209,-1.57663,0.974715,-0.44243299999999997,,0
-0.0510535,0.040548400000000005,0.908849,2.03268,0.0910457,-0.143269,2.5602099999999997,0.328841,-0.436834,0.8241219999999999,1.71337,0.795245,-0.517582,1.08683,-0.296523,,0
-0.157841,0.193577,0.6279939999999999,2.4944,-0.0255807,0.0667929,2.13843,-0.0622635,-3.11015,0.578723,-1.32037,0.8588959999999999,-0.250711,0.363431,0.334727,,0
0.299109,0.185523,0.819617,2.46564,-0.381062,0.169471,0.828617,-0.819932,0.219608,-0.23722800000000002,1.11981,1.25537,0.9241360000000001,-0.180274,-0.548409,,0
0.21153899999999998,0.060566999999999996,0.671764,2.08891,0.06386599999999999,0.148127,1.5724799999999999,-1.13435,-2.1438900000000003,2.06799,-1.60565,-0.656442,0.588246,1.06687,-0.497725,,0
-0.18057,-0.010943399999999999,0.463237,2.85305,-0.100484,-0.17941,2.01573,-1.35521,-2.7389799999999997,2.14467,-0.40472600000000003,0.236963,-1.29826,0.46172799999999997,-0.414787,,0
0.0203797,0.111127,0.732196,2.19598,-0.272244,0.00628649,0.343955,-0.258583,-1.15616,1.7459,0.7026359999999999,1.05215,-0.799024,-0.38301199999999996,-0.5161560000000001,,0
0.11333399999999999,-0.06283380000000001,0.6729609999999999,2.11709,-0.0806451,0.0871117,0.40837199999999996,0.6708649999999999,-2.02272,0.6416069999999999,1.0983399999999999,0.33742300000000003,-1.12571,-0.654864,0.294794,,0
-0.281173,-0.0909196,0.767899,2.25909,-0.43217,0.22876999999999997,2.3731,0.209209,-1.9721099999999998,-0.165142,-0.294296,0.522239,0.23165100000000002,0.432546,-0.202834,,0
0.09703869999999999,0.031416900000000005,0.623606,2.3235799999999998,-0.377761,0.168797,0.435979,-1.13588,-2.4353,1.96216,-1.40012,-0.19708599999999998,0.5660069999999999,-0.441375,-0.397892,,0
0.10696199999999999,0.12541,0.69929,2.36737,0.15834600000000001,-0.30850700000000003,2.29794,0.601847,-0.66076,0.40541,0.8360719999999999,1.03834,-0.078932,1.09451,0.339335,,0
0.117104,-0.010185600000000001,0.547842,2.66793,-0.308106,0.10156699999999999,0.6936479999999999,-0.284656,-2.46444,1.43455,-0.19153499999999998,0.544479,-0.45163100000000006,-0.32157600000000003,0.061339,,0
0.203778,0.184311,0.628087,2.2648,-0.11244900000000001,-0.03789240000000001,0.655305,-1.16656,-1.57487,1.8486599999999997,-1.74215,0.059815999999999994,0.723982,0.6736800000000001,-0.490045,,0
-0.10733800000000002,-0.144296,0.966901,2.13138,-0.209798,-0.050076499999999996,2.41911,-0.292325,-2.0472599999999996,0.0526496,-0.9169959999999999,0.304448,0.55297,0.839557,-0.637491,,0
-0.0733748,-0.07594830000000001,0.769362,2.31268,-0.362131,0.219802,1.42371,0.339577,-0.162294,0.048048400000000005,1.3008,0.580521,0.431804,-0.21713600000000002,-0.06613989999999999,,0
0.0121773,0.062703,0.6013229999999999,2.07531,-0.0203507,0.152824,1.48046,0.592644,-2.1362200000000002,1.19836,1.12748,0.84816,-1.2721799999999999,0.49858900000000006,0.492924,,0
0.16181800000000002,0.0995196,0.869676,2.5966099999999996,0.05525309999999999,-0.0496756,1.91297,-0.684963,-2.87702,0.10019600000000001,-1.52436,1.17791,0.216313,0.6414270000000001,-0.522299,,0
0.149579,0.27460500000000004,0.8337100000000001,2.16242,-0.25763800000000003,0.247175,2.07555,-0.115945,-3.09328,-0.0991909,-1.7943,0.9532209999999999,0.746221,0.7474029999999999,-0.012383700000000001,,0
0.0557327,-0.0477542,0.9282389999999999,2.36977,-0.134929,0.12271900000000001,1.85162,-0.496313,-1.43377,0.742834,0.356011,0.8312879999999999,-0.328932,0.73358,-0.64517,,0
-0.0310673,0.203827,0.912702,2.29055,-0.0547852,-0.022356400000000002,1.55101,-0.615945,-1.8126,0.15387699999999999,-0.22221,0.969325,-0.0482571,0.0470374,-0.43014600000000003,,0
0.08856239999999999,0.040956900000000004,0.8634850000000001,2.25767,-0.178726,-0.10011,1.62463,-0.108276,-0.49204899999999996,1.39621,0.736379,1.24847,-0.185527,0.6690729999999999,-0.728108,,0
0.109074,0.201948,0.731668,2.2277400000000003,-0.123509,-0.00892181,0.670642,-1.28159,-2.17303,1.62934,-0.6807989999999999,0.153374,-0.53522,-0.0220776,-0.414787,,0
-0.126858,0.0798716,0.961191,2.28174,-0.0786747,0.096673,2.59702,-0.919625,-3.20831,0.448355,-1.20687,0.6633439999999999,-0.164822,0.8226620000000001,-0.646706,,0
0.0719482,-0.00840427,0.63065,-3.10931,1.0162,-0.08562339999999999,1.00653,-1.1757600000000001,-1.69144,1.2459,-1.01055,1.22316,-1.2093,0.48630200000000007,-0.7787930000000001,,0
0.270129,-0.133578,0.811319,2.12963,0.10712,0.0116501,1.60622,0.21381,0.780958,-0.162074,0.972575,0.243098,1.4463700000000002,0.42947399999999997,-0.258126,,0
-0.179252,0.061318700000000004,0.844232,2.41885,-0.0728445,-0.0444898,2.3991700000000002,-0.148153,-1.26505,0.233631,0.541593,0.9585889999999999,-0.311294,0.7443310000000001,-0.265806,,0
0.19749,0.112579,0.525716,2.14373,0.29349400000000003,-0.216376,1.05408,-0.0285212,-2.49205,1.56339,0.7885260000000001,0.6510739999999999,-1.81283,0.25899,0.43456000000000006,,0
-0.0801966,-0.034333999999999996,1.01388,2.11667,0.0493634,-0.133847,2.22739,-0.796926,-2.33714,0.43148400000000003,-0.13172,0.44631899999999997,-0.8473370000000001,0.7366520000000001,-0.766506,,0
0.0638934,-0.11131500000000001,0.767727,2.4979400000000003,0.09300610000000001,-0.15521500000000002,0.713587,-0.508583,-2.9199599999999997,1.0158399999999999,-1.5274299999999998,0.190951,0.0813441,-0.6625439999999999,-0.347208,,0
0.308714,0.277519,0.735772,2.00227,-0.0344858,-0.203395,1.4973299999999998,0.138657,-1.7282400000000002,-0.22342399999999998,-0.9446030000000001,0.93635,0.8773559999999999,0.348072,0.187282,,0
0.308917,0.239215,0.779277,2.3090599999999997,0.05274059999999999,0.00856924,0.754998,-1.00245,-1.6208799999999999,1.17688,-0.762088,0.608896,-0.121877,0.475551,-0.557625,,0
-0.0474004,0.0498155,0.9974850000000001,2.1082799999999997,0.0685002,-0.249881,2.0218700000000003,-0.979441,-3.02886,0.601729,-1.4354,0.315184,-0.216969,0.47401499999999996,-0.708142,,0
0.0462238,0.0228422,0.79696,2.12921,-0.208418,0.228223,2.08629,0.419332,-1.95524,-0.0838535,-0.7789590000000001,0.44325200000000003,0.787632,0.598422,0.104344,,0
0.0369421,0.16405999999999998,0.762968,2.51733,-0.314108,0.0968215,1.16451,-0.485576,-2.22058,0.736699,-0.668529,0.909509,0.10895099999999999,-0.07276200000000001,-0.146006,,0
-0.08503889999999999,0.170741,0.718178,2.3843799999999997,-0.0605754,-0.0880133,2.26573,0.34571199999999996,-0.45063800000000004,0.10019600000000001,1.03853,0.9800610000000001,0.00465699,0.6736800000000001,0.282507,,0
0.00662882,0.190314,0.56987,2.29981,-0.473533,0.16416,1.27954,0.0819082,-1.8279400000000001,1.4360899999999999,0.22717600000000002,0.932515,-0.299791,0.412579,0.282507,,0
-0.0378276,0.213573,0.669305,2.46752,-0.19211,0.157962,1.34395,-1.18496,-3.3325400000000003,1.48516,-1.52436,0.496166,0.212479,-0.42755200000000004,-0.22433699999999998,,0
-0.15758,-0.022318099999999997,0.709191,2.21792,-0.0732266,0.028674599999999998,1.86696,0.598779,-1.15616,1.2735100000000001,1.61981,1.1342,-0.844269,0.56924,-0.129111,,0
0.07877769999999999,-0.0923341,0.87908,2.25835,-0.06953669999999999,-0.26028,1.35469,-1.2125700000000001,-2.23438,1.3287200000000001,-0.568836,-0.12193299999999999,-0.783687,0.587671,-0.8709459999999999,,0
-0.195258,0.182509,0.899985,2.24951,-0.09907060000000001,-0.030989,1.83475,-0.711037,-3.38469,0.227496,-1.4982799999999998,0.802914,-0.14795,-0.0220776,-0.47468699999999997,,0
-0.129328,0.026743799999999998,0.45054799999999995,2.71762,-0.23795100000000002,0.10884500000000001,1.69825,-0.873613,-3.3386699999999996,1.89467,-1.3035,0.18865,-0.226171,-0.264748,-0.06921160000000001,,0
0.255297,0.204021,0.874761,2.2480700000000002,-0.08143439999999999,-0.0676455,1.02187,-0.661957,-1.17763,0.810318,-0.257486,0.884202,0.0215282,0.403364,-0.608309,,0
-0.0349912,-0.0711304,0.76244,2.14653,0.100471,0.0486808,1.9114400000000002,0.511356,-1.87548,0.166147,0.837606,0.41487700000000005,-1.15792,0.35268,0.07362610000000001,,0
-0.14543,0.153962,0.8598680000000001,2.29474,0.19328900000000002,-0.25661,1.30254,-0.390484,-1.2052399999999999,-0.0961234,0.563066,0.9225459999999999,-0.46926899999999994,-0.49206000000000005,-0.327241,,0
0.30730799999999997,-0.060709000000000006,0.795343,2.23133,-0.012485799999999998,-0.21311,1.42524,-0.384349,-1.8034,1.08639,-1.12405,0.23006100000000002,0.611252,0.876418,-0.557625,,0
0.170799,0.0342245,0.884735,2.12434,-0.00596407,0.154142,1.53414,-0.013183799999999999,-1.37242,-0.151338,-0.24368299999999998,0.44861999999999996,0.6925399999999999,0.11615199999999999,-0.23662399999999997,,0
-0.119528,-0.0948988,0.648424,2.26514,-0.110062,0.110326,1.06635,0.46841099999999997,-3.03499,0.47903,-0.216075,0.254601,-1.2292399999999999,-0.710156,0.256397,,0
0.181304,0.14397100000000002,0.486018,2.4403,-0.140214,0.0270072,1.12923,-1.09907,-2.92303,2.06799,-0.248284,-0.131902,-0.78292,0.13611900000000002,-0.0215991,,0
0.025673500000000002,0.13836500000000002,0.726698,2.27149,-0.09814010000000001,0.0103119,0.307145,0.181601,-1.8264,0.8011159999999999,0.305397,0.759969,-0.543656,-0.8975350000000001,0.18420999999999998,,0
-0.11961300000000001,0.159946,0.652646,2.56787,-0.181722,0.134825,1.0924200000000002,-0.684963,-1.75892,1.39467,0.0369921,1.23466,-0.8534719999999999,-0.109623,-0.273485,,0
0.039188,0.112989,0.39593,2.46346,0.250155,-0.193919,2.20285,-0.338337,-3.26045,1.864,-0.605646,-0.0329755,-1.12648,0.7059340000000001,0.557431,,0
0.0895599,0.00880275,0.566337,2.5779,-0.511854,0.08330689999999999,0.397636,-0.135883,-1.20064,1.95602,0.412759,1.23926,-0.41942299999999993,-0.131126,-0.51462,,0
-0.056369,0.0541748,0.58909,2.3724,0.027910700000000004,-0.280062,1.59856,0.592644,-1.60555,1.4176799999999998,0.8360719999999999,1.07055,-1.00378,0.709006,0.218,,0
0.0254858,0.137482,0.5935,2.83751,-0.030076599999999995,-0.0934898,2.13537,-0.47484,-3.00125,1.05572,-1.48295,0.874233,0.123522,0.735116,0.119703,,0
-0.017160299999999996,0.206067,0.8928219999999999,2.2626,0.423041,-0.336398,0.595489,-0.569932,-0.525791,0.221361,1.22104,1.2523,-0.674024,-1.0019799999999999,-0.47622200000000003,,0
-0.15169000000000002,-0.10745199999999999,0.5675319999999999,2.3362700000000003,-0.189575,-0.187846,2.5878200000000002,0.841111,-3.0089200000000003,0.46215900000000004,0.337606,-0.08205520000000001,-1.85807,0.9424610000000001,0.5942930000000001,,0
0.36906300000000003,0.247508,0.786359,2.2968900000000003,-0.09723949999999999,-0.126211,0.281071,-0.448767,-1.42917,0.368601,-0.5780390000000001,1.0812899999999999,0.5000560000000001,-0.501275,-0.330313,,0
-0.222728,-0.0250826,0.9032950000000001,2.36638,-0.00103486,-0.217746,2.19825,-0.384349,-3.33714,-0.145203,-1.5443,0.812883,-0.29749000000000003,0.403364,-0.585271,,0
-0.07042330000000001,0.07053910000000001,0.689241,2.68498,-0.20870100000000003,-0.117209,2.26113,-0.496313,-2.3662799999999997,1.13087,-0.720677,0.710123,-0.264515,1.01311,-0.101465,,0
0.016974700000000002,0.0532862,0.590032,2.73425,0.171852,-0.11664200000000001,0.176777,-0.665024,-1.74205,1.65694,-0.027425099999999997,1.03528,-1.20777,-0.6748310000000001,-0.339528,,0
0.0686155,0.0488966,0.74778,2.21449,-0.18387,-0.100128,1.97432,0.531295,-2.4307,-0.192749,-1.50442,0.717791,0.816774,0.572312,0.211856,,0
0.137398,0.0578242,0.80138,2.45225,-0.097763,-0.159956,1.31635,-0.332202,-1.49358,0.985165,-0.087241,0.842791,-0.215435,0.48169399999999996,-0.39021300000000003,,0
-0.0940426,0.286105,0.812181,2.08144,-0.118922,-0.12344000000000001,2.06175,-0.180362,-2.59328,0.456024,-0.978345,0.505368,-0.124944,0.560025,0.122775,,0
0.07686660000000001,0.00899094,0.616575,2.53357,-0.249712,0.108931,0.6936479999999999,-1.0101200000000001,-2.09634,1.8578599999999998,0.297728,0.470092,-1.25455,-0.08658500000000001,-0.42707399999999995,,0
0.0355185,-0.05715880000000001,0.834558,2.10506,0.212137,-0.327291,1.8684900000000002,0.425467,-1.09328,0.79038,1.1873,0.6296010000000001,-0.994576,0.685968,-0.193619,,0
-0.00527553,0.122673,0.9538989999999999,2.23957,-0.31528,0.199176,1.9635900000000002,-0.6098100000000001,-1.3770200000000001,0.0526496,0.026255900000000002,0.907975,0.47321499999999994,0.480158,-0.543802,,0
0.202002,0.129027,0.569001,2.2758,-0.047698000000000004,-0.15724100000000002,0.834752,-1.0515299999999999,-2.28499,1.9867,-0.8403079999999999,-0.164877,-0.24457600000000002,0.345,-0.250447,,0
0.163641,0.178304,0.749468,2.12264,-0.374202,0.260727,0.7488630000000001,-0.873613,-2.19297,1.41921,-0.964542,0.18865,0.40189600000000003,-0.000575137,-0.299595,,0
-0.07511010000000001,0.08176289999999999,0.8323450000000001,2.56229,-0.350441,0.084719,1.03414,-1.0515299999999999,-1.6561599999999999,0.940686,-0.275891,1.0912600000000001,-0.266815,-0.07429780000000001,-0.7235010000000001,,0
-0.133806,0.175217,0.70317,2.3159400000000003,-0.0357425,0.0193738,1.80715,0.015957299999999997,-2.3984900000000002,0.604797,-0.324971,0.736963,-0.610374,0.248239,0.248718,,0
-0.037711,0.197397,0.582681,2.4236,0.0384334,-0.12121300000000002,0.586286,0.111049,-3.1991,0.7167600000000001,-1.6869299999999998,0.6894170000000001,-0.00301172,-1.06034,0.563575,,0
-0.22963000000000003,0.179403,0.779108,2.34971,-0.0524837,-0.136486,1.14303,-0.29385900000000004,-2.9598400000000002,0.258171,-1.167,0.81135,-0.370343,-0.688654,-0.101465,,0
-0.16628199999999999,-0.00360753,0.7903680000000001,2.38885,0.018568099999999997,-0.259819,0.794875,-1.0822,-2.00739,1.3900700000000001,0.21490599999999999,0.67638,-1.5674299999999999,-0.41065799999999997,-0.692783,,0
0.268654,0.10541600000000001,0.8909239999999999,2.13998,0.296765,-0.34324899999999997,1.6921099999999998,-0.14355199999999999,-0.766588,0.825656,0.6198140000000001,0.964724,-0.464668,0.810375,-0.477758,,0
0.028185,0.0509903,0.792098,2.38423,-0.229832,0.111606,0.47739,-0.0101163,-1.99665,0.49896899999999994,-0.17006300000000002,0.703221,-0.0643614,-0.865281,-0.0569245,,0
-0.0856217,-0.0682947,0.6934670000000001,2.2753,-0.049555300000000004,0.0868302,1.6706400000000001,0.9208649999999999,0.34230700000000003,1.2182899999999999,1.9587700000000001,0.9823620000000001,0.12122100000000001,-0.218671,-0.11835999999999999,,0
0.280099,0.0686158,0.72325,2.51127,0.139244,-0.0460526,0.35009,-1.1957,-2.0165900000000003,1.4314799999999999,-1.17313,0.389571,-0.08046569999999999,-0.0389724,-0.639027,,0
0.182148,0.185366,0.5837479999999999,2.5085599999999997,-0.292269,0.09414789999999999,1.42984,-0.606742,-2.6438900000000003,1.3732,-1.1577899999999999,0.545245,0.41646700000000003,0.447905,0.133526,,0
0.18223699999999998,0.11276099999999999,0.7770600000000001,2.16283,0.0110311,-0.06708710000000001,0.863894,-1.25858,-2.1715,1.63087,-1.3280399999999999,-0.0996933,0.0537367,0.286636,-0.571448,,0
0.027924400000000002,0.136477,0.682416,2.31414,-0.127992,0.0479367,1.1277,-0.40428800000000004,-2.88775,1.2290299999999998,-0.729879,0.203988,-0.45086400000000004,-0.261676,0.136598,,0
0.0330642,0.00554018,0.797175,2.35846,0.303902,-0.347576,1.55715,-0.789257,-1.25585,1.53424,0.359078,0.953988,-1.49994,0.960892,-0.760362,,0
0.128389,-0.13931300000000002,0.737579,2.12206,0.241564,0.0742249,1.42831,0.568105,0.044761199999999994,-0.105326,0.257851,-0.11273,1.36049,-0.04358,0.0121905,,0
-0.22682600000000003,-0.024569499999999998,0.823,2.16578,-0.06302519999999999,0.138256,1.99273,-0.953368,-2.97518,1.23056,0.471041,0.639571,-1.85424,0.12844,-0.602165,,0
-0.168775,0.124304,0.790486,2.1938299999999997,-0.18417,-0.24719499999999997,2.00653,-0.615945,-1.94297,1.36553,0.529323,0.574387,-1.4777,0.854915,-0.31802600000000003,,0
0.11373,0.0397926,0.8211379999999999,2.09345,0.137429,-0.145005,1.9896599999999998,0.270559,-1.05647,1.36553,1.13975,0.980828,-0.835067,1.0929799999999998,-0.337992,,0
-0.182675,0.0535866,0.9676049999999999,2.07029,-0.257058,0.00266841,1.30101,-0.976374,-2.66843,0.656944,-0.495216,0.315184,-0.536754,-0.336935,-0.732716,,0
-0.0741373,0.119952,0.9203979999999999,2.1785200000000002,-0.09558939999999999,-0.263257,0.894568,-0.924227,-2.61168,0.831791,-1.1516600000000001,0.30904899999999996,-0.20776599999999998,-0.512026,-0.53305,,0
-0.22807800000000003,-0.039593300000000005,0.6541359999999999,2.69841,-0.27266,0.0207392,2.2841400000000003,-0.603675,-3.3064699999999996,1.12934,-1.5427600000000001,0.470859,0.000822638,0.35575100000000004,-0.24891100000000002,,0
0.252499,0.10403399999999999,0.633595,2.34709,-0.011154299999999999,0.0570663,1.17371,0.155528,-2.36015,0.873202,-0.229879,0.552914,-0.189361,0.271277,0.362373,,0
0.0805315,-0.0426184,0.7175199999999999,2.43161,0.24423699999999998,-0.430813,1.77187,-1.39355,-2.5442,1.80418,-0.387855,-0.19708599999999998,-1.41252,0.9332459999999999,-0.669745,,0
0.0241886,-0.0658303,0.53355,2.95788,0.150331,-0.07224850000000001,1.9237099999999998,0.224546,-2.4261,0.8195209999999999,-0.5166890000000001,0.909509,-0.473871,0.702862,0.234895,,0
0.22519899999999998,0.0949727,0.580387,2.3251,-0.42672,0.270372,1.53414,-0.649687,-2.5426599999999997,1.6554099999999998,-1.15626,0.131135,0.7508229999999999,0.7765850000000001,-0.0108478,,0
-0.0334255,-0.0526021,0.467454,2.84875,-0.0487411,-0.087878,2.43598,-0.738644,-2.87395,1.9330200000000002,0.106011,0.187117,-1.52678,1.07608,-0.103001,,0
-0.042616900000000006,0.17842,0.870325,2.04365,-0.0625438,-0.0570529,0.925243,-0.161957,-0.912294,1.2182899999999999,1.02165,1.12117,-0.6724899999999999,-0.260141,-0.46700699999999995,,0
0.35124,0.116666,0.8144600000000001,2.33595,-0.00642233,0.027957799999999998,1.10622,-0.252448,-1.09788,-0.10379200000000001,-0.06423490000000001,0.940184,0.726283,-0.0113264,-0.276557,,0
-0.213934,0.0855099,0.721759,2.19239,-0.209169,0.0948197,2.05254,-0.9441649999999999,-2.39082,1.61707,0.563066,0.72316,-1.7461099999999998,0.5968859999999999,-0.359495,,0
0.23980500000000002,0.16754000000000002,0.83094,1.98848,0.12725999999999998,0.026215199999999998,1.7319900000000001,0.362583,-0.841742,0.518907,0.9096920000000001,0.6096630000000001,-0.06282769999999999,0.632211,0.0429083,,0
-0.0741991,0.0492541,0.880813,2.28357,-0.48256800000000005,0.225784,1.06942,-0.312264,-1.3294700000000002,0.541913,0.291593,0.9026069999999999,0.194074,-0.31696799999999997,-0.434753,,0
0.12396300000000002,0.0982194,0.5386270000000001,2.5339099999999997,-0.08991560000000001,-0.23078400000000002,0.6276970000000001,-0.821466,-1.64542,1.9775,-0.03356,0.416411,-0.984607,0.374182,-0.379461,,0
0.050505,-0.00772645,0.8560989999999999,2.35007,0.233436,-0.260025,1.60469,-0.49171099999999995,-2.05953,0.894674,-0.03816130000000001,0.5866560000000001,-0.995343,0.484766,-0.410179,,0
0.312067,0.334185,0.846612,2.20228,-0.06505119999999999,0.028718,1.45285,-0.823,-1.9537099999999998,0.500502,-1.0719,0.909509,0.43563900000000005,0.6997909999999999,-0.407107,,0
0.06583610000000001,-0.139381,0.8054279999999999,2.3628099999999996,-0.129646,0.138246,2.3915,0.111049,-2.75585,0.351729,-1.03356,0.29141100000000003,0.15496400000000002,0.996217,-0.159829,,0
0.152219,0.041806800000000005,0.620424,2.58847,0.282615,-0.11685899999999999,1.9911900000000002,0.48835,-2.70217,0.12473499999999998,-1.00902,0.9164110000000001,-0.0796988,0.710542,0.40998599999999996,,0
0.289323,0.0577774,0.882935,2.30885,-0.201311,-0.028837,1.0786200000000001,-0.643552,-1.82487,0.543447,-1.12405,0.7423310000000001,0.6925399999999999,0.30199499999999996,-0.61906,,0
0.026901599999999998,-0.00286075,0.9631709999999999,2.03575,-0.11021700000000001,-0.0803638,2.27647,0.0727058,0.11377999999999999,0.756637,1.1888299999999998,0.778374,0.399596,0.790408,-0.54073,,0
0.29883699999999996,0.101173,0.744028,2.17888,0.0754658,-0.175561,0.794875,-1.09907,-1.72058,1.58486,-0.430799,-0.0843558,-0.7744840000000001,0.7627619999999999,-0.7096779999999999,,0
0.126582,0.0901564,1.00711,2.05523,0.317488,-0.356928,1.8761599999999998,-0.668092,-1.08254,0.152343,0.42349499999999995,0.748466,-0.47003599999999995,0.5938140000000001,-0.685103,,0
0.12361,-0.06029009999999999,0.658936,2.27942,-0.0363727,0.126652,1.11543,0.42700000000000005,-2.56413,0.675349,0.369814,0.304448,-1.02295,-0.0773696,0.290187,,0
0.165298,-0.121897,0.776099,2.30563,0.209765,0.012888,1.56635,-0.9748399999999999,-2.66229,1.5265799999999998,-1.88325,-0.326687,0.533798,0.49091,-0.620596,,0
0.046455699999999996,-0.0665557,0.9294389999999999,2.47568,-0.0288128,-0.010363899999999999,2.10776,-0.562264,-1.49665,0.5756560000000001,0.125949,0.890337,-0.29519,0.928638,-0.6743520000000001,,0
0.290968,0.230037,0.64666,2.35277,0.029969299999999997,0.083608,0.498863,-1.04539,-2.6853,1.4928299999999999,-1.50595,0.33742300000000003,0.411099,-0.369189,-0.155221,,0
0.263452,0.06922669999999999,0.746876,2.60724,0.054364199999999994,0.07083400000000001,0.682912,-0.784656,-2.98438,0.971361,-1.57497,0.618865,0.34131300000000003,-0.49206000000000005,-0.322633,,0
0.07337439999999999,0.0218403,0.633813,2.5724299999999998,-0.137531,0.0607295,1.00807,0.0696383,-2.26352,0.949889,-0.136321,0.728528,-0.414055,-0.132662,0.176531,,0
-0.03955669999999999,0.0401149,0.79078,2.44939,-0.022899700000000002,-0.24351399999999998,2.22432,0.107982,-1.46597,0.719828,0.263986,0.869632,-0.426325,1.0207899999999999,-0.0983936,,0
0.100334,0.084439,0.8964040000000001,2.2405,-0.291062,0.00784404,1.60162,-0.342938,-1.2681200000000001,0.840993,0.0569308,0.782209,0.07981039999999999,0.6583220000000001,-0.47622200000000003,,0
-0.09953300000000001,0.260472,0.7747569999999999,2.07558,0.18629,-0.129638,2.27647,0.327307,-0.9537049999999999,0.8686010000000001,1.20264,1.20169,-0.8220299999999999,0.854915,0.113559,,0
0.00706678,0.171029,0.654937,2.50553,0.056116,-0.307037,1.71819,-0.643552,-1.33101,1.67995,-0.0120876,1.00613,-1.06513,1.13752,-0.38560500000000003,,0
-0.167464,0.0216558,0.754336,2.41696,-0.40709,0.19525499999999998,1.82095,0.0987794,-1.39236,0.732097,0.596808,1.03451,-0.22770500000000002,0.36803800000000003,-0.14447000000000002,,0
-0.0311464,0.0130105,0.47608900000000004,2.7398700000000002,-0.111551,-0.186394,1.9712599999999998,-0.5607300000000001,-2.6853,1.8302599999999998,-0.188468,0.22546,-1.05593,0.79348,0.0705543,,0
0.275998,0.04536830000000001,0.61095,2.3380799999999997,-0.198978,0.24348499999999998,1.6031600000000001,-0.821466,-2.41843,1.7965099999999998,-1.5412299999999999,-0.131135,0.959412,0.9931459999999999,-0.24583899999999997,,0
0.135517,0.08709760000000001,0.898918,2.2379700000000002,0.032308699999999996,-0.117954,0.889967,-0.556129,-1.7803900000000001,0.767374,-0.139388,0.599693,-0.45086400000000004,-0.111159,-0.47622200000000003,,0
-0.176813,0.13898,0.844939,2.2557099999999997,-0.135731,-0.220124,1.6691099999999999,-1.24325,-2.39696,1.2413,-0.415462,0.40337399999999995,-0.983073,0.325033,-0.591414,,0
0.239328,-0.0568486,0.6930649999999999,2.30887,-0.131678,-0.0665008,1.67218,-0.7739199999999999,-2.91229,1.52197,-0.400124,-0.43328199999999994,-0.658687,0.7320439999999999,-0.387141,,0
0.22973400000000002,-0.07523830000000001,0.782436,2.64731,-0.132961,-0.0244261,0.586286,-0.36594499999999996,-1.25278,0.9667600000000001,0.0661332,1.0184,-0.0766313,-0.167987,-0.65285,,0
0.07231230000000001,-0.0540837,0.65698,2.51005,-0.122553,-0.10348800000000001,1.778,-0.11901199999999999,-1.6807,1.62627,0.563066,0.8320549999999999,-0.919423,1.09759,-0.31802600000000003,,0
-0.061673,-0.0228576,0.48582299999999995,2.98683,0.718939,-0.230325,1.21512,-1.07607,-1.55493,1.92842,-0.44460299999999997,0.878834,-1.76682,0.6122449999999999,-0.612917,,0
0.163271,-0.049347699999999994,0.9069360000000001,2.6229400000000003,-0.276654,0.0872423,2.18751,-0.812264,-1.88009,0.13087000000000001,-0.702272,1.15031,0.523062,1.03154,-0.798759,,0
0.152712,0.150536,0.6132,2.18133,-0.234949,0.148481,0.48199200000000003,-0.804595,-2.56874,1.7903799999999999,-1.4630100000000001,-0.143405,0.669534,-0.43983999999999995,-0.0431015,,0
-0.13155899999999998,-0.046263599999999995,0.8561280000000001,2.46088,-0.184353,0.00817565,1.93445,-0.20950300000000002,-1.4184299999999999,0.572588,0.474109,0.915644,-0.370343,0.48630200000000007,-0.437825,,0
0.09697130000000001,-0.0986018,0.767046,2.19035,0.309281,-0.20612399999999997,2.29794,0.44693900000000003,0.0125526,-0.154406,1.98638,0.266104,-0.47080299999999997,0.8687379999999999,0.0367647,,0
0.261763,-0.0410574,0.642386,2.16016,0.259668,-0.11590299999999999,1.94825,0.767491,-2.86935,0.144674,-1.3035,0.258436,0.26155900000000004,0.873346,0.47295699999999996,,0
-0.221052,-0.0917326,0.833348,2.6413900000000003,0.26847600000000005,-0.25709899999999997,2.57402,-0.313797,-3.0442,-0.272504,-1.27896,1.15567,-0.49227600000000005,0.750475,-0.602165,,0
-0.110599,0.0833839,0.670788,2.54969,0.40373200000000004,-0.271073,1.6875099999999998,-1.33067,-2.30953,1.6232,-0.556566,0.690951,-1.43706,0.48169399999999996,-0.49158100000000005,,0
0.00522176,0.311427,0.7678550000000001,2.1276900000000003,-0.00292649,-0.09997869999999999,2.43751,-0.186497,-3.2711900000000003,0.560318,-1.87252,0.547546,0.24775500000000003,0.9025280000000001,0.251789,,0
0.0730704,-0.0321838,0.639691,2.30625,0.162347,-0.279239,0.6890470000000001,-1.28926,-1.4399,2.07872,-1.89399,-0.5076689999999999,0.362786,0.578455,-0.8125819999999999,,0
-0.22965,0.122715,0.9389370000000001,2.07238,-0.146767,-0.0348776,1.8899700000000001,-0.493245,-1.64542,-0.11913,0.17962999999999998,0.5989260000000001,-0.107306,-0.000575137,-0.53305,,0
0.0972687,-0.026387999999999998,0.802914,2.22415,0.0163307,-0.175837,1.62923,0.514424,-0.6868340000000001,0.541913,0.8115319999999999,0.6633439999999999,0.0253625,0.407972,-0.0584604,,0
0.30528099999999997,0.10496300000000001,0.943918,1.97079,0.0217082,-0.08703589999999999,1.8915,-0.339871,-1.7696599999999998,-0.137534,-1.22528,0.6817479999999999,0.950976,0.7458670000000001,-0.477758,,0
-0.247813,-0.120307,0.9443309999999999,2.0615799999999997,-0.40757899999999997,0.180781,1.55561,-0.339871,-0.378552,0.258171,1.35754,0.5076689999999999,0.22168200000000002,-0.24478200000000003,-0.792616,,0
-0.135484,0.10665899999999999,0.720723,2.22395,-0.256191,0.11021099999999999,1.6599099999999998,-0.574533,-3.24358,1.2428299999999999,-0.36638200000000004,0.0329755,-1.0674299999999999,-0.10808699999999999,-0.0569245,,0
-0.05026869999999999,-0.08735369999999999,0.704499,2.68424,0.164299,-0.234369,1.53721,-1.20337,-1.50278,1.6201299999999998,-0.143989,0.692485,-1.35731,0.9731790000000001,-0.85098,,0
0.08494410000000001,-0.018100599999999998,0.45740699999999995,2.4439900000000003,-0.0438285,-0.0195187,1.98659,-0.717172,-3.14236,2.18609,-1.21914,-0.57362,0.0207613,0.7059340000000001,-0.0477092,,0
0.17646099999999998,0.134051,0.742502,2.1105099999999997,-0.14360499999999998,0.0028767,1.9819900000000001,-0.20796900000000001,-2.48438,1.07105,-1.05657,0.120399,0.393461,1.03308,0.0920568,,0
-0.135122,-0.0187156,0.49912,2.14755,-0.173271,-0.19253900000000002,2.05408,-0.146619,-3.28346,1.80418,-1.33264,-0.83819,-0.39565,0.26513400000000004,0.199569,,0
0.086083,0.10697000000000001,0.46449700000000005,2.4845,-0.321754,0.178096,2.3961,-0.623613,-3.1362200000000002,1.90388,-0.48141300000000004,-0.0260736,-0.464668,1.06687,0.271756,,0
-0.08054739999999999,0.00171399,0.5123989999999999,2.51289,-0.523644,0.04960730000000001,1.73813,0.736816,-1.53806,1.55418,0.785458,1.26457,-0.293656,0.891777,0.185746,,0
0.242211,0.269927,0.6897399999999999,2.04725,0.191853,-0.382904,0.544875,-1.1512200000000001,-1.46597,1.65694,0.0477283,0.12193299999999999,-1.5428899999999999,0.64757,-0.531514,,0
-0.0540564,0.0909326,0.710284,2.21159,-0.126217,0.0819818,0.5494760000000001,-0.796926,-1.35555,1.8409900000000001,0.676563,1.1917200000000001,-1.38875,-0.237102,-0.625204,,0
-0.129928,-0.12333,0.810979,2.45668,0.41409700000000005,-0.340566,2.4283099999999997,-0.692632,-2.9261,0.965226,-0.633253,0.406442,-1.31436,0.810375,-0.49926099999999995,,0
-0.00937136,-0.128076,0.838434,2.47238,-0.203926,-0.0605961,1.21205,-1.39202,-3.27272,1.32566,0.374415,-0.197853,-1.83507,-0.373796,-0.8985920000000001,,0
0.15896,-0.0897819,0.753754,2.09238,0.0908599,0.11759100000000001,2.18138,0.707675,0.6229819999999999,0.0863919,1.69497,0.154141,0.8420799999999999,0.796552,0.128918,,0
0.340871,-0.032332,0.771279,2.3570599999999997,-0.0454615,-0.09353260000000001,1.11849,-0.43036199999999997,-2.15463,0.8778030000000001,-1.37405,0.42408,0.760792,0.41565100000000005,-0.42861000000000005,,0
0.10775,0.170745,0.742703,2.0615099999999997,-0.0641327,0.175832,2.46512,0.784362,0.5140859999999999,0.8225879999999999,1.7915900000000002,0.928681,0.684105,0.894849,0.282507,,0
0.10661099999999998,-0.103181,0.661226,2.6040099999999997,-0.00843139,-0.033357300000000006,2.19825,-0.48404300000000006,-3.1362200000000002,1.3103200000000002,0.336072,-0.0720859,-1.7277,0.8564510000000001,-0.18593900000000002,,0
0.161222,0.241184,0.7750239999999999,2.15539,-0.0669931,0.16887,1.03414,-0.154288,-1.27579,1.2627700000000002,0.601409,1.04525,-0.45239799999999997,0.217521,-0.190547,,0
0.227566,0.149251,0.787606,2.16253,-0.270667,0.0327112,0.948249,-0.680362,-1.01966,1.5051,-0.21914299999999998,0.47929399999999994,-0.177091,0.888705,-0.792616,,0
-0.145724,0.148148,0.563339,2.4946900000000003,0.023336900000000004,-0.272451,2.21205,0.474546,-1.75892,1.03118,0.294661,1.0582799999999999,-0.8841469999999999,1.0207899999999999,0.488316,,0
-0.23456999999999997,0.101113,0.750975,2.42212,-0.09028560000000001,-0.29786599999999996,0.77647,-1.2294399999999999,-2.09021,1.4146100000000001,-0.147057,0.6296010000000001,-1.32817,-0.519706,-0.615988,,0
0.114821,0.327964,0.900373,2.0949,0.0400968,-0.206893,1.3823,-0.615945,-1.71137,0.452956,-0.361781,0.81135,-0.190128,0.26052600000000004,-0.311882,,0
0.083061,-0.07697739999999999,0.516414,2.06676,0.25422,-0.10931400000000001,1.1461,0.0543009,-3.20217,1.64467,-1.6869299999999998,-0.8535280000000001,-0.10347200000000001,-0.38147600000000004,0.207249,,0
0.013076599999999999,0.0638321,0.796691,2.12764,-0.0164413,-0.157083,1.87923,-0.0806684,-2.53499,0.834858,0.543127,0.208589,-1.59887,0.599958,0.0275494,,0
0.148825,-0.11255599999999999,0.833917,2.2016,0.049811900000000006,-0.11109300000000001,1.57402,0.187736,-0.039594599999999994,-0.04397619999999999,0.7517159999999999,0.393405,0.743154,0.23441599999999999,-0.24891100000000002,,0
0.214042,0.123453,0.6628470000000001,2.55178,0.09154780000000001,-0.031291900000000004,1.56175,0.115651,-2.71444,0.325656,-1.09951,0.9010739999999999,0.161866,0.363431,0.256397,,0
0.146808,-0.14294400000000002,0.915349,2.5516400000000004,0.211748,-0.126675,1.07708,-0.729441,-0.775791,-0.11913,0.517053,0.932515,0.0637061,-0.290858,-0.8663379999999999,,0
-0.17391099999999998,-0.00859497,0.72993,2.46355,-0.09038260000000001,-0.0245139,2.37463,-0.781589,-2.39696,1.40848,0.153557,0.642638,-1.39642,0.956284,-0.371782,,0
0.0517237,0.0551947,0.70658,2.50996,-0.15237799999999999,0.00888759,2.37003,0.428534,-2.2988,-0.10686,-0.897057,0.930982,0.434105,0.9117430000000001,0.24257399999999998,,0
0.364209,-0.0921861,0.796141,2.42159,0.352637,-0.259812,1.36389,-0.47177299999999994,-2.59788,0.572588,-1.7007400000000001,0.56135,0.387326,0.46172799999999997,-0.510012,,0
0.0144363,0.08861210000000001,0.717078,2.19611,0.25824400000000003,-0.352815,0.48199200000000003,0.0788408,-3.05647,0.69222,-1.2022700000000002,0.282975,-0.63338,-1.0542,0.25793299999999997,,0
-0.131365,-0.059822400000000005,0.5954649999999999,2.25842,-0.0891752,0.0688414,2.0142,0.687736,-3.20064,0.457558,-1.2022700000000002,0.206288,-0.48153900000000005,0.191411,0.543608,,0
0.341791,0.16658299999999998,0.816941,2.14778,-0.0905228,0.0329885,0.8439549999999999,-0.879748,-1.37548,1.2489700000000001,-1.06577,0.319785,0.39806199999999997,0.804231,-0.766506,,0
0.183579,0.170272,0.677236,2.10968,-0.118421,0.080741,2.04794,-1.42729,-3.26045,1.9775,-0.510554,-0.543712,-0.6824600000000001,0.876418,-0.380997,,0
0.202707,0.164441,0.658776,2.12017,-0.07433939999999999,-0.32092600000000004,1.55254,0.505221,-1.49665,1.02811,0.263986,0.73773,-0.12340999999999999,0.916351,0.294794,,0
0.174867,0.256739,0.82806,2.2621900000000004,0.42676099999999995,-0.342154,1.69365,-1.00705,-3.03039,0.7520359999999999,-1.63325,0.805982,-0.223104,0.45711999999999997,-0.367174,,0
-0.0677647,-0.0182125,0.633339,2.03702,-0.167739,-0.192113,2.23813,0.887123,-2.46597,0.50357,-0.75902,-0.0521472,0.060638599999999994,0.971643,0.6188670000000001,,0
0.121762,0.0677637,0.850093,2.1207,-0.172241,-0.00972153,1.9099099999999998,-0.665024,-2.76199,1.09406,-0.15625899999999998,-0.134969,-0.933226,0.771977,-0.307275,,0
-0.000680168,-0.09094529999999999,0.699742,2.22716,-0.22402800000000003,0.0350524,1.72432,-0.9901780000000001,-2.1086099999999997,1.9452900000000002,-1.68387,-0.6173310000000001,0.8175399999999999,0.8994559999999999,-0.639027,,0
-0.159665,0.0384131,0.75093,2.56314,0.439184,-0.34357600000000005,1.84702,-0.6466189999999999,-2.13469,1.0005,-0.262088,0.940184,-1.31053,0.46633500000000006,-0.367174,,0
0.210875,0.245823,0.7852899999999999,2.05662,-0.151784,-0.163442,1.70285,0.111049,-1.74665,-0.017902500000000002,-0.903192,0.842791,0.820608,0.533914,0.130454,,0
0.216335,0.203706,0.720075,2.44882,0.392442,-0.375803,1.58475,-0.221773,0.5094850000000001,-0.22035700000000003,1.97564,1.1441700000000001,-0.08199939999999999,0.41104300000000005,-0.012383700000000001,,0
-0.0751248,0.11198399999999999,0.849828,2.2942,-0.118539,0.106123,2.2734,0.160129,-0.5411279999999999,0.894674,1.25478,1.2492299999999998,-0.143349,0.807303,-0.268877,,0
-0.19938499999999998,0.0380036,0.799281,2.22673,0.0517899,-0.355706,1.9513200000000002,-0.776987,-1.28346,1.58179,0.730244,1.1917200000000001,-1.6065399999999999,0.919423,-0.771113,,0
-0.176522,0.0514504,0.653738,2.65725,-0.64415,0.172674,2.54488,-0.919625,-3.15769,1.33026,-1.48601,0.595092,0.462479,0.7443310000000001,-0.271949,,0
0.00187535,0.08901469999999999,0.788467,2.03575,0.0813756,-0.21921300000000002,2.19672,0.523626,-0.89849,1.5051,1.3130700000000002,1.1058299999999999,-0.789822,1.14059,-0.23201599999999997,,0
0.0236688,0.115878,0.952263,2.27104,0.11775,-0.340377,0.834752,-0.896619,-2.46444,0.403877,-1.13632,0.721626,-0.225404,-0.49973900000000004,-0.640563,,0
-0.0652331,0.16606600000000002,0.795099,2.51016,0.191956,-0.376253,2.33015,-0.517785,-2.4399,0.624735,-0.987548,0.888804,-0.427091,0.9655,-0.165973,,0
-0.0124243,0.316389,0.899017,2.09891,0.166286,-0.322499,1.6875099999999998,-0.895086,-2.0211900000000003,0.6431399999999999,-0.378652,0.819018,-0.743042,0.45097600000000004,-0.410179,,0
-0.0597226,-0.0472698,0.872318,2.1019799999999997,0.027236,0.0411684,2.55868,0.21227600000000002,-1.58867,0.356331,1.04926,0.488497,-1.0421200000000002,1.08069,-0.173652,,0
-0.0510978,0.07764639999999999,0.423432,3.07182,-0.230266,-0.0954,1.9712599999999998,-0.51165,-1.7481799999999998,1.8701299999999998,-0.26515500000000003,1.19248,-0.851938,1.12216,-0.141398,,0
0.0175669,-0.0455876,0.66296,2.32015,0.0293181,0.026931,1.39917,0.626387,-2.09021,0.45142299999999996,0.329937,0.522239,-0.725404,0.06853989999999999,0.35315799999999997,,0
0.12139200000000001,-0.08897949999999999,0.827275,2.2945,-0.46689899999999995,0.229169,1.63076,-0.789257,-2.1362200000000002,1.20909,-0.6623939999999999,0.20168699999999998,0.246988,0.7873359999999999,-0.6282760000000001,,0
0.013320400000000001,0.0858768,0.361098,2.7072599999999998,-0.219484,-0.012727500000000001,1.41757,-0.84754,-2.9767099999999997,2.15234,-1.37405,0.0981595,0.18027,0.067004,0.185746,,0
0.345639,0.220714,0.801743,2.18074,0.245802,-0.258231,1.2918100000000001,-0.683429,-1.92303,0.9161469999999999,-0.7712899999999999,0.578221,-0.188595,0.687503,-0.356423,,0
-0.12243399999999999,-0.0365462,0.8309719999999999,2.34583,-0.366833,0.0652803,2.20285,-1.3383399999999999,-2.8984900000000002,1.42995,-1.1992,0.115031,0.040699900000000004,0.6844319999999999,-0.7235010000000001,,0
-0.133737,-0.0435919,0.9209209999999999,2.14235,-0.0372009,-0.342598,1.9206400000000001,0.143258,-0.0626007,0.736699,1.3115299999999999,0.7453989999999999,-0.11804200000000001,0.295852,-0.525371,,0
0.0778377,-0.033387900000000005,0.5759810000000001,2.58125,-0.12485,-0.09779810000000001,1.69365,-1.4012200000000001,-2.56874,2.13547,-0.791229,-0.190951,-0.489975,0.827269,-0.53305,,0
-0.146228,-0.00200185,0.785027,2.44964,0.0548128,-0.300718,0.659906,0.0911107,-2.27426,-0.0301725,-0.791229,0.7546010000000001,-0.21313400000000002,-1.0542,-0.129111,,0
0.0128393,-0.0589649,0.7207520000000001,2.47024,0.013492700000000002,-0.332318,1.48506,-1.1512200000000001,-2.9353,1.66461,-0.389388,-0.23926399999999998,-1.1939600000000001,0.21905700000000003,-0.55916,,0
0.345177,-0.0763522,0.883633,2.20189,0.112017,0.00351807,0.940581,-0.35980999999999996,-1.8156700000000001,0.569521,-0.44766999999999996,0.31365,0.0575711,0.0716117,-0.594486,,0
0.09074,0.0326963,0.9506950000000001,2.36321,-0.052919600000000004,0.119216,2.23506,-0.370546,0.26561999999999997,0.649275,1.86675,1.22623,0.34591500000000003,0.7228289999999999,-0.682032,,0
-0.00695889,0.0969931,0.647429,2.21092,-0.0886951,-0.10383099999999999,0.503464,-0.707969,-2.6392900000000004,1.7321,-1.83571,-0.316718,0.610485,-0.74241,-0.0753552,,0
0.16521,-0.0404185,0.611275,2.13334,0.289088,-0.203543,1.7795400000000001,0.04969969999999999,-2.46137,1.48056,-1.74062,-0.583589,0.8666200000000001,0.937853,0.11048699999999999,,0
-0.00839231,-0.016825,0.657222,2.2673900000000002,-0.0318588,-0.155874,2.38076,0.253687,-2.8862200000000002,0.9437540000000001,-1.4323299999999999,-0.0199387,0.20327699999999999,1.03154,0.33626300000000003,,0
0.341742,0.277656,0.826422,2.31271,0.143821,-0.26752800000000004,1.67524,-0.654288,-1.38929,0.044980900000000004,-0.512088,1.2530700000000001,0.309872,0.7873359999999999,-0.434753,,0
0.389239,0.0901922,0.787525,2.2145599999999996,-0.102552,-0.00415963,0.5295380000000001,0.127921,0.06776739999999999,0.373202,0.8882190000000001,1.03528,0.8505159999999999,-0.501275,-0.21665700000000002,,0
0.336397,0.179146,0.791546,2.0880799999999997,0.173647,-0.10079500000000001,1.9191099999999999,-0.299994,-2.32947,0.828723,-0.6577930000000001,0.30598200000000003,-0.131079,1.07301,-0.0431015,,0
-0.236448,-0.00794893,0.850355,2.30675,-0.185447,-0.0746753,2.49733,-0.45490200000000003,-2.0503299999999998,0.856331,0.296195,0.660276,-0.988441,1.0085,-0.41632299999999994,,0
0.215651,-0.012520299999999998,0.826192,2.18968,-0.177397,0.0517862,2.0678799999999997,0.397859,-0.334073,0.471361,0.70417,0.775307,0.758491,0.928638,-0.146006,,0
0.19511099999999998,-0.0919681,0.844024,2.46219,-0.282439,0.211684,1.2734,-0.18496300000000002,-1.97058,0.026576,-0.686934,0.779141,0.7216819999999999,-0.0205417,-0.43936099999999995,,0
-0.197048,-0.028649400000000002,0.647016,2.4011099999999996,-0.0560443,-0.015377600000000002,1.83015,0.5604359999999999,-1.69757,0.49590100000000004,0.546195,0.7776069999999999,-0.806693,0.23288000000000003,0.26407600000000003,,0
-0.219989,-0.0331093,0.784808,2.10648,-0.184041,0.06657010000000001,2.2642,0.589577,-0.728245,1.0419100000000001,1.78699,0.884202,-0.542122,0.718221,-0.23048000000000002,,0
-0.26751199999999997,-0.117701,0.781033,2.27556,-0.242331,-0.040964999999999994,2.25653,-0.0729997,-3.1715,0.49590100000000004,-0.659327,0.147239,-0.8833799999999999,0.409507,-0.24891100000000002,,0
0.21369000000000002,0.29751700000000003,0.807006,2.1886,0.0247285,-0.00365968,1.44825,-1.3214700000000001,-2.2988,1.24437,-1.61638,0.447853,0.340547,0.810375,-0.45779200000000003,,0
-0.133019,-0.021136099999999998,0.603767,2.1943900000000003,-0.328288,0.24262399999999998,1.41911,0.607982,-3.20371,0.475962,-1.90933,0.235429,0.5430010000000001,-0.39529899999999996,0.537465,,0
-0.102259,0.200702,0.648861,2.67259,0.10483699999999999,-0.203627,0.561746,-1.1312799999999998,-3.0442,1.29345,-1.46914,0.816718,-0.289055,-1.10181,-0.247375,,0
0.15694,0.07762589999999998,0.7049449999999999,2.3230299999999997,-0.15756199999999998,-0.026893900000000002,1.08935,-0.8782139999999999,-2.17303,1.60786,0.297728,0.17561300000000002,-1.20777,0.409507,-0.361031,,0
-0.0138431,0.14389000000000002,0.43325600000000003,2.70065,0.522343,-0.43074300000000004,0.667575,-1.02699,-1.20831,2.08639,-0.42466400000000004,0.8335889999999999,-1.66482,0.449441,-0.422466,,0
0.170163,-0.048591300000000004,0.767247,2.0725599999999997,0.052901800000000006,0.181727,2.07402,0.5497,-2.66843,0.0833245,-1.53049,0.08128830000000001,0.789933,0.7612260000000001,0.13199,,0
0.177875,0.0991074,0.9509559999999999,2.0169099999999998,0.014852100000000002,0.089281,1.7135900000000002,-0.9211590000000001,-2.68377,0.9146129999999999,-0.69767,0.0406442,-0.47080299999999997,0.59535,-0.560696,,0
0.00450501,0.0447574,0.796205,2.19935,-0.0309556,-0.000568072,2.22432,-0.25704899999999997,-3.09328,0.9130790000000001,-1.17927,0.0437117,-0.23077199999999998,0.7212930000000001,-0.029278500000000002,,0
0.0274094,-0.133349,0.8276319999999999,2.47859,0.046333,-0.031433499999999996,2.35469,-0.763184,-2.96751,1.09559,-0.835707,0.17791400000000002,-0.5965699999999999,0.9332459999999999,-0.522299,,0
0.257809,0.0672053,0.7846569999999999,2.3496,0.20286500000000002,-0.053587199999999995,2.07555,0.341111,-0.212907,0.396208,1.22871,0.959356,0.145761,0.8840969999999999,-0.013919599999999999,,0
-0.011472399999999999,0.0386202,0.589983,2.07936,-0.0330668,0.15725699999999998,1.36696,-0.33526999999999996,-3.09174,1.71523,-1.72528,-0.654908,0.348982,-0.22788699999999998,0.128918,,0
-0.0871375,-0.0637463,0.7425930000000001,2.1596900000000003,-0.103289,-0.16005999999999998,0.713587,0.368718,-1.40002,1.28424,1.3115299999999999,0.815951,-1.14642,-0.399906,-0.273485,,0
0.257298,0.0202138,0.637313,2.3058,0.164182,-0.24128200000000002,1.31481,-0.419625,-2.11168,1.57566,0.656624,0.334356,-1.52372,0.790408,-0.20897800000000002,,0
0.0323735,0.0248213,0.9607889999999999,2.02274,-0.259402,0.0605352,2.1292299999999997,-0.151221,-1.3126,0.199889,-0.33264,0.455521,0.7508229999999999,0.795016,-0.396356,,0
0.149032,0.17491199999999998,0.55704,2.32765,0.35769,-0.376131,0.620028,-0.766251,-1.44757,1.9514200000000002,0.144354,0.77684,-1.55056,0.380326,-0.336456,,0
-0.25299699999999997,-0.0670638,0.7383460000000001,2.54022,-0.138559,0.0246726,1.7350599999999998,-1.3138,-2.9307,1.42995,-0.200738,0.599693,-1.24688,-0.164915,-0.7787930000000001,,0
0.0353695,0.155331,0.792918,2.5584,0.127221,-0.105026,1.8424200000000002,-1.2846600000000001,-2.71137,1.15081,-1.32344,0.753834,-0.190128,0.613781,-0.508476,,0
0.00154343,0.013042700000000003,0.718801,2.17773,-0.180474,-0.12347799999999999,1.86696,0.48221499999999995,-1.1945,1.63547,1.05693,0.97316,-0.631079,1.04229,-0.265806,,0
-0.04412290000000001,0.0332889,0.798841,2.37058,0.189405,-0.21319699999999997,0.920642,0.0926444,-2.65923,-0.0654486,-1.00902,0.784509,-0.321263,-0.7178359999999999,-0.09532180000000001,,0
-0.205335,-0.06473680000000001,0.6308520000000001,2.4575299999999998,-0.32912199999999997,0.08497060000000001,1.278,0.753687,-0.932233,1.0127700000000002,1.19343,1.1365,-0.34810399999999997,-0.21713600000000002,0.0214058,,0
0.371568,0.24638600000000002,0.851454,1.97327,0.0998711,-0.08666460000000001,1.3899700000000001,-0.5484600000000001,-1.6208799999999999,0.9360850000000001,-0.338775,0.404141,-0.167889,0.8533799999999999,-0.405572,,0
-0.0667035,0.116496,0.92445,2.19252,-0.19881400000000002,-0.015420600000000001,1.07095,-0.767785,-2.93377,0.592527,-1.48908,0.44325200000000003,0.23395100000000002,-0.48898800000000003,-0.46700699999999995,,0
0.15217999999999998,0.134986,0.640062,2.7189900000000002,-0.077001,-0.07220599999999999,1.6583700000000001,0.0911107,-0.378552,-0.166676,1.0017200000000002,1.2339,0.406497,0.32810500000000004,0.18420999999999998,,0
0.28780300000000003,0.0918548,0.628918,2.49988,-0.0827652,0.0920424,0.55101,-1.15889,-2.71904,1.67842,0.74098,-0.14263800000000001,-1.84887,-0.257069,-0.354887,,0
0.216473,-0.0214373,0.572216,2.31215,0.350717,-0.14718699999999998,1.48813,-0.643552,-2.47824,1.90848,-1.8495099999999998,-0.5,0.627356,0.730508,-0.201298,,0
0.0385298,-0.06728150000000001,0.728772,2.20063,0.168975,-0.281783,1.7795400000000001,0.900927,-0.700638,1.01124,1.29159,0.796779,-0.5283180000000001,0.6107090000000001,0.00143928,,0
-0.07354400000000001,-0.0987517,0.824976,2.22024,-0.192761,0.0274562,2.09395,-0.218705,-1.00278,1.6216700000000002,1.08761,1.17868,-0.799791,1.0929799999999998,-0.8248690000000001,,0
-0.222534,0.25299499999999997,0.712608,2.0425400000000002,-0.283557,-0.0897711,1.97432,0.416264,-1.5595299999999999,0.31645300000000004,0.116747,0.595092,-0.19626300000000002,0.380326,0.425345,,0
-0.041002,0.102046,0.547611,2.66092,-0.323492,0.055598800000000004,1.30254,-1.0592,-3.17456,1.7765799999999998,-1.78663,0.352761,0.5660069999999999,-0.330791,-0.127575,,0
0.25889,0.17543,0.6253310000000001,2.7015599999999997,0.398476,-0.198989,2.0218700000000003,-0.272386,-2.90463,0.583324,-1.3709799999999999,1.07515,0.0422337,0.916351,0.133526,,0
0.05203530000000001,0.05245459999999999,0.642967,2.4443,0.013100899999999999,0.0125848,0.840887,-1.2739200000000002,-1.44604,1.92688,0.291593,0.6480060000000001,-1.6632900000000002,0.533914,-0.646706,,0
0.159128,0.012440600000000001,0.489771,2.8292900000000003,0.654181,-0.279413,1.42064,-1.1650200000000002,-1.9399,1.91155,-1.0412299999999999,0.522239,-0.769116,1.10066,-0.48083000000000004,,0
0.183948,0.224179,0.781429,2.2202,-0.08692180000000001,0.0388853,1.9773900000000002,-0.23711,-1.99205,0.859398,-0.266689,0.641104,-0.11650899999999999,1.0407600000000001,0.0214058,,0
-0.150365,-0.00043755,0.5234850000000001,2.5072400000000004,-0.156619,0.138782,2.19211,-0.8368030000000001,-2.0825400000000003,2.08332,0.46643999999999997,1.10276,-1.8066900000000001,0.9424610000000001,-0.330313,,0
0.07329429999999999,-0.0893105,0.727442,2.12739,0.0492609,0.14969200000000002,2.3915,0.38865700000000003,-2.96291,0.617067,-1.8265,-0.22239299999999998,0.704043,0.980858,0.164244,,0
-0.0177453,0.0722295,0.390914,-2.87964,0.5569729999999999,0.10479100000000001,1.98813,-0.84754,-3.05953,1.5879299999999998,-1.46454,1.07362,-0.544423,0.515484,-0.0768911,,0
0.334351,-0.0176205,0.729686,2.28152,0.44734700000000005,-0.347702,0.39303499999999997,0.318105,-2.75432,-0.22189,-1.49522,0.793712,0.099749,-0.782343,-0.0461733,,0
-0.0393206,-0.00898176,0.419998,2.4595,-0.31692600000000004,0.0632151,1.41144,-0.625147,-2.9813099999999997,2.18455,-1.49522,-0.522239,0.37889,-0.04358,0.047516,,0
0.16386900000000001,0.12221099999999999,0.477613,2.34666,0.00801399,-0.032273500000000004,1.24273,-0.493245,-3.10248,1.79498,-0.970677,-0.111196,-0.21390100000000004,0.0516451,0.347014,,0
-0.06399930000000001,0.10848800000000001,0.6450279999999999,2.53832,-0.321981,-0.00357584,1.03567,-1.2739200000000002,-1.47671,1.72443,-0.321904,0.66181,-0.831233,0.503197,-0.586806,,0
0.0994432,-0.0418995,0.839203,2.25547,-0.101953,0.204491,1.21512,0.0911107,-0.321803,-0.0961234,1.12595,0.452454,0.38272399999999995,-0.264748,-0.195155,,0
0.0007387380000000001,0.11103099999999999,0.9190809999999999,2.37375,-0.45659700000000003,0.269428,1.4497799999999998,-0.781589,-1.9460400000000002,0.0189073,-0.49675,1.1227,0.60205,-0.0681543,-0.640563,,0
0.0902533,-0.121643,0.8675889999999999,2.2095599999999997,-0.10953900000000001,0.07002739999999999,0.9743229999999999,0.0803745,-1.72058,-0.0409087,-0.6623939999999999,0.37346599999999996,0.708645,-0.481309,-0.345672,,0
0.362063,-0.0783408,0.8276979999999999,2.70261,0.318182,-0.195421,1.83168,-0.842938,0.215007,-0.188148,0.9649059999999999,1.24233,0.279197,1.0085,-0.9016639999999999,,0
0.338344,0.295613,0.891484,2.01627,0.00801962,-0.260652,1.7703400000000002,-0.459503,-0.199104,0.189153,0.46643999999999997,1.03604,0.474749,0.836485,-0.422466,,0
-0.0474286,-0.0110803,0.238152,2.79785,-0.258366,-0.086534,0.781071,0.480681,-2.23745,1.9100099999999998,0.409692,1.20015,-1.0674299999999999,0.040893900000000004,0.592757,,0
-0.0543496,0.0438226,0.783754,2.1776299999999997,0.0849182,-0.0855692,1.74426,0.330375,-0.0334596,-0.0654486,1.9281,0.483896,-0.351171,0.10386500000000001,0.09666439999999998,,0
-0.056665099999999996,0.09262480000000001,0.738842,2.2086900000000003,-0.132379,0.0697813,1.99426,-0.776987,-2.45217,1.57105,0.699569,0.5191720000000001,-1.80899,0.75969,-0.219729,,0
0.145213,-0.0697886,0.627071,2.41025,0.544089,-0.365,1.95285,-0.73711,-2.94297,1.64314,-1.4446,-0.06825149999999999,-0.365742,0.796552,-0.25659,,0
0.07549639999999999,0.103192,0.938116,2.28582,-0.198398,0.192367,1.95438,-0.5484600000000001,-1.3034,-0.20961999999999997,0.0354584,0.865031,0.61662,0.43101000000000006,-0.497725,,0
-0.026470499999999998,0.13372699999999998,0.61606,2.1343099999999997,0.18773199999999998,-0.294774,1.95438,-0.816865,0.803964,2.17995,-0.742149,-0.968558,-1.73691,-1.07877,-0.844836,,0
-0.00105168,0.00120258,0.776088,2.16089,0.044804199999999995,0.0916328,1.31175,0.44847299999999996,-1.38622,0.7413,1.1903700000000002,0.769939,-0.874944,0.0301427,0.00297517,,0
0.15093800000000002,0.12168399999999999,0.63563,2.1219799999999998,-0.349853,0.0994453,2.10776,-0.33066799999999996,-3.2098400000000002,1.3716700000000002,-0.206873,-0.44095100000000004,-0.739208,0.907136,0.213392,,0
0.0800916,-0.0134878,0.787639,2.11412,-0.017610400000000002,-0.284341,1.53567,0.680068,-0.574871,1.19682,0.9787100000000001,0.815951,-0.15792,0.44176099999999996,-0.23815999999999998,,0
0.326887,0.11905299999999999,0.790784,2.39007,-0.0687544,0.0314059,0.692114,-0.6711590000000001,-2.37702,0.8087850000000001,-1.31884,0.611196,0.5322640000000001,-0.146485,-0.356423,,0
-0.000783481,0.201759,0.702887,2.53114,0.128825,-0.39965500000000004,1.81328,-0.68803,-1.50278,1.3548,-0.30349899999999996,0.994632,-0.859607,1.07608,-0.334921,,0
-0.013799299999999999,0.22179400000000002,0.78568,2.15121,-0.177546,-0.321849,1.08168,-1.01318,-1.78653,1.46983,0.00478353,0.271472,-1.18476,0.392613,-0.45318400000000003,,0
0.178493,-0.053176999999999995,0.6965640000000001,2.01294,0.158754,-0.00523654,0.685979,-0.864411,-2.30493,1.92535,-1.5611700000000002,-0.924847,0.48932,-0.0988721,-0.580663,,0
-0.10849500000000001,0.11993800000000002,0.667042,2.10025,-0.198544,0.128611,0.863894,-0.577601,-2.09021,1.7229,0.8560110000000001,0.903374,-1.6786299999999998,-0.303145,-0.173652,,0
-0.11875799999999999,0.20920999999999998,0.5685640000000001,2.3985,-0.246598,-0.15983599999999998,1.5004,-0.8751469999999999,-1.5181200000000001,1.93609,0.116747,0.82362,-1.29902,0.76737,-0.26427,,0
-0.248669,0.22562,0.7097399999999999,2.2715400000000003,-0.382293,0.18586,2.0602099999999997,-0.177294,-3.21751,0.437619,-1.57497,0.741564,0.191774,0.200626,0.155028,,0
0.164622,0.120056,0.871914,2.2396,-0.285691,0.196849,1.71665,-0.146619,-3.03193,-0.24336300000000002,-1.83877,0.970092,0.788399,0.407972,-0.279629,,0
0.099435,0.137396,0.658845,2.30896,-0.101261,-0.0363132,1.25807,-1.31226,-1.6607599999999998,1.88547,0.51552,0.243098,-1.80132,1.0207899999999999,-0.503868,,0
0.211154,-0.07106860000000001,0.640574,2.13999,0.131153,0.014959100000000001,1.34089,0.9101290000000001,-1.88775,-0.263301,-1.1808,0.342791,1.0545,-0.00979048,0.40384200000000003,,0
0.0462343,0.0704137,0.800766,2.03682,0.119288,-0.26143,1.54488,-0.25091399999999997,-2.74818,0.9820969999999999,-1.7682200000000001,-0.14954,0.406497,0.22827199999999997,-0.0354221,,0
-0.0574487,0.152376,0.799894,2.62055,-0.0597955,-0.110125,1.49886,-0.573,-2.4889799999999997,0.340993,-0.9798790000000001,1.11963,-0.0497909,0.0009607530000000001,-0.298059,,0
0.0916507,-0.0567837,0.933365,2.0886299999999998,0.000663704,-0.283553,2.06175,-0.853675,-2.84788,1.01737,-0.614848,-0.24539899999999998,-0.915588,0.8533799999999999,-0.632883,,0
0.154076,0.148676,0.742642,2.23924,-0.123126,0.0576697,0.46358699999999997,-1.30766,-2.1699599999999997,1.63854,0.467974,0.0912577,-1.67556,-0.158772,-0.50694,,0
-0.188813,0.11716700000000001,0.663982,2.2298299999999998,-0.18946,0.06546519999999999,1.8823,-1.16963,-1.2849899999999999,1.89467,0.40509,1.25844,-1.53369,1.02847,-0.677424,,0
0.0295063,0.126999,0.880368,2.55701,-0.21676900000000002,0.12111,2.38843,-0.562264,-0.292662,0.00663734,1.18116,1.2408,0.338246,0.888705,-0.450112,,0
-0.00717471,-0.0136726,0.47904399999999997,2.14373,-0.09987660000000001,-0.253497,0.951317,0.8794540000000001,-2.15923,1.48056,-1.80043,-0.623466,1.96018,0.487838,0.514426,,0
-0.053093299999999996,0.135185,0.712743,2.1150599999999997,-0.12854000000000002,-0.16409,2.14764,-0.879748,-2.5779400000000003,1.7474299999999998,-1.63479,-0.31901799999999997,0.37659000000000004,0.9578200000000001,-0.175188,,0
-0.181443,0.0764148,0.7651560000000001,2.20125,-0.222121,-0.0691034,1.3731,-0.42576,-2.99205,0.969828,-0.10718,0.11656400000000001,-1.32663,-0.318504,-0.10453699999999999,,0
0.0738182,0.14436,0.479912,2.58602,-0.22542399999999999,0.0523783,0.179844,-0.681895,-1.27119,2.1308700000000003,0.12441500000000001,1.09816,-1.04366,-0.197169,-0.365638,,0
0.0919626,0.101191,0.52864,2.53635,-0.00613607,0.023725599999999996,1.1553,-0.961037,-2.8126,1.92535,0.159692,0.21089000000000002,-1.49074,-0.0374365,-0.0415656,,0
-0.013756899999999999,0.0539846,0.8225469999999999,2.2275,-0.184074,-0.239193,1.34702,-0.9349629999999999,-1.42303,1.52811,0.47717600000000004,0.466258,-1.38031,0.796552,-0.743467,,0
0.0781762,0.0758242,0.860117,2.20843,0.208535,-0.038335,2.21972,-1.39509,-3.3325400000000003,1.44222,-1.55043,0.0690184,-0.111141,0.6429630000000001,-0.648242,,0
0.190202,0.22664,0.856706,2.16099,-0.369214,0.108999,0.544875,-0.47484,-1.5764,0.612466,-0.559634,0.821319,0.554504,-0.37994,-0.334921,,0
0.000331574,0.227372,0.7280989999999999,2.58697,-0.11299400000000001,0.0650367,1.08935,-1.01779,-1.46291,1.19836,-0.26515500000000003,1.2523,-0.568963,0.249775,-0.505404,,0
0.148335,-0.0852422,0.724871,2.23541,-0.0023407,0.23164200000000001,1.36696,-0.908889,-2.73438,1.71523,-1.6746599999999998,-0.546779,0.618154,0.23288000000000003,-0.508476,,0
-0.086724,-0.049914599999999996,0.639872,2.2669099999999998,-0.0301724,-0.0786691,2.07862,0.770559,-2.77426,0.198355,-1.02436,0.320552,-0.223104,0.46940699999999996,0.485245,,0
0.125334,-0.0451355,0.711626,2.18186,-0.163918,0.257761,1.3869,-0.704902,-2.15616,1.7643099999999998,-1.75289,-0.5705520000000001,1.21708,0.604565,-0.45932799999999996,,0
-0.017346599999999997,-0.05163330000000001,0.790554,2.08641,-0.0222595,-0.0919971,2.4942599999999997,0.595712,1.1874,0.221361,1.88822,0.341258,0.946375,0.854915,0.0859132,,0
0.276378,-0.0341783,0.6227659999999999,2.36721,-0.251837,0.155522,1.72586,0.673933,-2.28653,-0.154406,-1.14246,0.797546,1.14269,0.6122449999999999,0.33626300000000003,,0
0.21647600000000003,0.146321,0.984613,1.9543700000000002,-0.0181823,-0.07089789999999999,1.0234,-0.418092,0.0294238,0.17688299999999998,0.8652129999999999,0.6671779999999999,0.563706,-0.21252800000000002,-0.556089,,0
0.0007605930000000001,-0.0911602,0.93734,2.1109400000000003,0.0384927,-0.09299589999999999,1.9053,-0.137417,-0.0273247,-0.0501111,1.60754,0.294479,0.0391662,0.364967,-0.47929399999999994,,0
0.328898,-0.028335500000000003,0.678607,2.2093700000000003,0.060976300000000004,-0.0609047,0.354691,-0.33373600000000003,-2.07947,1.42995,-1.7038099999999998,-0.164877,1.19561,-0.17566700000000002,-0.327241,,0
0.131973,0.198981,0.708227,2.22333,0.116092,-0.287798,1.07708,-1.0898700000000001,-2.18223,1.61707,-0.351045,0.196319,-1.08277,0.38800500000000004,-0.310346,,0
