x1,y1,z1,phix1,phiy1,phiz1,arm_1_joint,arm_2_joint,arm_3_joint,arm_4_joint,arm_5_joint,arm_6_joint,arm_7_joint,head_1_joint,head_2_joint,
0.170852,-0.050049,0.562218,2.60835,-0.0765568,-0.0201028,0.223603,-1.03009,-0.958652,2.19338,0.502215,0.0962589,-0.0359426,0.87859,-0.782297,
0.261017,-0.118179,0.94713,2.4833,0.174608,-0.0439486,1.5055,-0.392059,-0.0391221,-0.0639821,1.17043,0.817693,1.81794,0.301784,-0.482067,
0.352288,0.126973,0.941332,2.22843,0.128071,-0.178696,1.14084,-0.407904,-2.62524,-0.262587,1.37424,-1.10518,-1.15903,0.117213,-0.424058,
0.12203,0.108041,0.933611,2.1451,0.15492,-0.00268531,0.36316,-1.12147,-2.56834,1.3956,0.246388,0.282468,-0.121679,-0.786679,-0.385019,
0.103949,0.113087,0.929483,2.46339,-0.237081,0.179171,0.756874,-0.679614,1.19124,-0.29269,-0.548312,-1.08147,-1.29439,-0.517525,-0.376694,
0.224291,0.213347,0.936344,2.1852,-0.182615,-0.0841936,0.430289,-0.642371,-1.45044,0.767797,-0.713715,0.740934,1.8318,-0.214802,-0.41168,
-0.31276,-0.0381986,0.921953,2.50392,-0.174368,0.0675702,2.14696,-1.26613,-2.41013,0.903345,-0.299442,0.969398,0.82188,0.335766,-0.802003,
-0.194479,0.207504,0.65705,2.19605,-0.114266,-0.111608,2.18254,-0.930717,-3.32601,1.84714,-0.723168,-0.160134,0.503555,0.29384,0.205353,
-0.120764,-0.118714,0.904227,2.65809,-0.262268,0.149104,2.60246,-0.7682,-2.86572,0.697332,2.06917,-0.768283,-1.63759,0.965218,-0.4628,
-0.0368785,-0.0363678,0.480461,2.46581,-0.0304565,-0.0100765,0.424589,-0.257735,-2.02227,2.30197,0.776213,1.16957,-0.336348,-0.506236,0.0671897,
-0.110291,0.11452,0.911065,2.54325,0.255735,-0.263312,1.0736,-0.667282,1.46302,0.0974965,-0.0634057,-1.26238,-1.9515,-0.675461,-0.401243,
0.191358,0.211313,0.729554,2.60663,0.376787,-0.203362,0.0633677,-0.416895,-2.87796,0.325352,-1.39283,1.2884,1.33588,-1.23226,0.103967,
-0.0342111,-0.0583649,0.581232,2.445,-0.126713,-0.0579887,0.935781,-0.79978,-1.855,2.34075,0.879728,0.824332,-0.48439,0.223646,-0.306648,
0.0816521,0.132949,0.594618,2.3441,-0.21332,0.00832615,0.298458,-1.2927,-0.977948,2.0891,1.10102,0.00767857,-0.755473,0.836715,-0.436087,
0.301393,0.0463115,0.63696,2.84684,0.0400028,-0.0639115,1.32033,-1.29263,-2.58897,1.30329,1.26168,-0.995679,-0.974518,0.783656,-0.445767,
0.22312,-0.00862531,0.592806,2.58142,0.372314,-0.106473,1.25065,-0.359724,-3.22023,1.35574,1.43872,-0.348626,-1.50763,-0.0282006,0.307521,
0.264373,-0.113117,0.884524,2.56763,0.00349508,-0.155747,0.338219,-1.16487,-2.395,0.999964,1.01075,-0.654123,-0.860275,-0.249651,-0.795159,
-0.1689,-0.0606895,0.539757,3.0576,0.300931,-0.0140368,1.32991,-1.56283,-2.23703,1.72728,-1.10126,0.91913,0.457492,0.049462,-0.562181,
0.318377,-0.0098325,0.907584,2.49286,-0.236965,0.11063,1.31613,-0.545114,1.56252,0.115547,-0.63311,-1.17977,-0.693295,0.260461,-0.51742,
0.167586,-0.0801737,0.634799,2.53266,0.0545994,0.0529965,0.802887,-1.29647,-3.31768,2.13372,-0.737277,-0.334041,0.911069,-0.582241,-0.363819,
-0.187395,0.0978869,0.577761,2.44975,-0.0612101,-0.0536475,2.44577,-1.38459,1.36,1.96185,-2.09264,0.0552227,1.88448,-1.04372,-0.477151,
-0.0922017,0.265662,0.754617,2.38525,-0.254881,0.212399,1.90949,-1.10025,1.10372,1.31812,0.454158,-0.935261,-0.623424,-1.01779,-0.488779,
-0.195793,0.250203,0.903698,2.20736,-0.0482897,-0.0747761,1.18791,-0.502258,-3.23068,0.468285,-1.50091,0.653367,1.29911,-0.63329,-0.0196466,
-0.0151652,0.127105,0.896033,2.46284,0.450759,-0.204145,0.796762,-0.45847,1.08758,0.355653,-0.275358,-1.26775,-1.97856,-1.03035,-0.284835,
-0.0340908,0.231009,0.809317,2.15047,0.0970815,0.0402273,1.70092,-0.566837,-2.00614,1.44092,0.34579,0.871313,0.203425,0.565038,0.0499383,
-0.0618848,0.0367924,0.830157,2.38142,0.396594,-0.25166,2.20554,-0.65732,1.09199,1.46503,-0.220627,-1.01507,-1.18953,-0.314629,-0.623233,
-0.140334,-0.00547447,0.753236,2.87179,0.0774279,0.0121821,2.39892,-1.31557,-3.31535,1.11725,-1.4153,0.989234,1.25368,0.48227,-0.534954,
0.0635289,-0.0183251,0.66133,2.42346,-0.187584,0.0962753,1.91988,-1.33007,1.0141,2.0283,-0.307059,-0.924941,0.510003,-0.980528,-0.746658,
-0.120304,-0.0682814,0.584094,3.07938,0.491633,-0.237689,0.415632,-0.831765,-2.0192,1.41276,-0.82736,0.955929,0.428586,-0.67455,-0.337251,
0.0364467,0.183443,0.563701,2.22378,0.102862,-0.0444143,0.43198,-1.1576,-3.03279,2.23532,1.06484,0.233703,-1.17633,-1.07464,0.213934,
0.176688,-0.0214333,0.826669,2.67185,0.0483243,0.0738349,1.42345,-0.452844,-1.201,1.10613,0.204455,1.274,1.08972,0.635841,-0.460063,
0.0658569,0.184746,0.744585,2.10863,-0.0592553,0.146898,1.78396,-1.44729,-3.11001,2.08996,-1.14507,-0.30428,1.37762,0.406619,-0.179641,
-0.0314991,0.036792,0.553201,2.51895,0.349958,-0.257542,2.28527,-1.17618,1.32531,2.11082,-0.01459,-0.661576,-0.491952,-0.5775,-0.42813,
0.0496775,-0.122072,0.799022,2.59212,-0.0238304,-0.123487,0.584811,-1.02832,-2.69722,1.46285,-1.62096,0.196703,1.77254,-0.579077,-0.444696,
-0.0918941,0.0970706,0.558328,2.80799,-0.508638,0.102654,1.87252,-1.385,-2.91638,1.73115,1.64148,-0.785975,-1.24452,0.348632,-0.147108,
-0.145241,0.250804,0.771098,2.58353,-0.537192,0.193828,2.04702,-0.831852,-3.27933,0.386179,1.4316,-1.37509,-1.09661,0.3071,-0.159765,
0.0401083,0.0447869,0.838624,2.31092,-0.0321543,0.0680207,2.26805,-0.874831,-3.46243,1.47578,-0.0947357,-0.230984,0.0872389,0.619201,-0.160953,
-0.158971,0.311948,0.847797,2.27354,0.149998,-0.036829,1.08425,-0.516264,1.26851,0.659668,0.112527,-1.12317,-1.63806,-1.15044,-0.163249,
0.136982,0.0221425,0.435568,2.76059,-0.343342,0.216639,1.12807,-1.06568,-3.46259,2.08063,1.1182,-0.339618,-0.501716,-0.432491,0.103194,
-0.279284,-0.0201238,0.868376,2.62775,0.38126,-0.250707,1.18989,-0.600956,-2.61145,-0.327125,-0.602716,1.35123,0.910021,-0.966989,-0.638673,
0.167938,0.0875084,0.423851,2.44778,0.362256,-0.250388,0.909464,0.108028,-2.16439,1.69057,0.131491,1.10864,0.360503,0.313055,0.764219,
0.181159,0.16974,0.785663,2.1016,0.0904919,-0.258782,0.958004,-1.23654,-1.65989,1.83339,1.90934,0.170928,-1.83931,0.908031,-0.428284,
0.203819,0.171419,0.647139,2.34849,0.281339,-0.109065,2.2756,-1.13554,-3.11372,1.8423,-2.05375,0.204021,2.04662,1.08538,0.0786846,
-0.150237,-0.0877343,0.878976,2.43976,0.0817953,-0.198291,1.07838,-0.961429,-3.03017,1.26517,-0.752802,0.169616,0.539359,-0.615263,-0.443386,
0.241141,-0.123191,0.915694,2.7028,-0.00907902,0.0940183,0.413015,-1.17821,-2.59799,0.67261,1.6345,-0.86811,-1.3444,-0.548749,-0.816564,
-0.0889387,0.0353211,0.422223,2.34512,0.0389255,-0.0955009,1.3203,-0.486507,-3.4657,2.23855,-1.05567,-0.489146,0.647185,-0.703518,0.529117,
0.00570625,0.0687033,0.402694,2.65382,0.185446,-0.171981,0.97535,-1.25655,-2.99034,2.33433,1.3973,-0.197329,-1.58892,-0.404885,0.176274,
0.283792,0.0344359,0.740486,2.68744,0.313698,-0.107288,0.796236,-1.3048,-2.64885,1.25136,1.31,-0.789615,-1.38807,0.0810578,-0.499904,
0.105032,0.19501,0.617802,2.39148,-0.268754,-0.125216,0.959343,-1.21367,-3.13033,1.78407,0.59754,-0.670219,-0.225772,-0.164536,0.0173081,
0.168448,-0.0401747,0.568402,2.92296,0.497453,-0.0653566,0.619164,-0.674489,-0.627609,1.85785,-0.298909,1.29004,0.294223,0.699813,-0.83114,
0.0478403,-0.0136858,0.903887,2.68914,0.0415746,0.050178,1.48842,-1.474,-2.75139,0.878451,1.73513,-0.954448,-1.66607,0.245406,-0.768377,
0.0114626,-0.0822052,0.945496,2.66281,0.125949,-0.13677,1.32709,-0.834158,-1.39002,0.600775,-0.109754,1.15745,1.10503,0.21461,-0.723964,
0.236219,0.154434,0.799614,2.46878,0.0912539,-0.0440613,0.606137,-0.545145,-2.05483,0.849267,-0.630864,0.87421,1.37764,-0.293698,-0.074386,
0.317881,0.0234485,0.902515,2.34761,0.166046,-0.169725,0.394454,-0.317697,-0.801976,-0.23292,0.182496,0.865358,2.07193,-0.800284,-0.25384,
0.413844,0.0186789,0.968778,2.24114,0.179003,-0.22295,0.609807,-0.516058,-0.827363,0.506699,-0.197024,0.847465,1.69078,0.0160601,-0.734431,
-0.053875,0.26827,0.938504,2.21481,-0.15695,0.0764885,0.0815002,-0.763556,-1.48144,0.882953,0.084065,1.02323,1.0763,-1.09818,-0.32606,
-0.169728,0.068715,0.672503,2.33019,0.0175187,0.0110131,2.03386,-1.1332,1.5243,1.92963,-0.985002,-0.148267,0.558721,-1.15331,-0.530225,
0.16261,0.0457155,0.972147,2.21904,0.161333,0.0114072,0.76029,-1.08391,-2.98579,1.16272,-1.2442,0.113624,1.24781,-0.557107,-0.468303,
-0.111459,-0.0820235,0.554169,2.60538,-0.253678,0.213598,2.69094,-0.469815,1.40572,2.13715,-0.452417,-0.882436,0.0196218,-0.135516,-0.490693,
-0.100446,0.211679,0.641654,2.52969,0.136598,-0.0985125,1.69776,0.320617,-0.0460441,0.155031,1.52334,1.38565,1.30312,0.0181978,0.57841,
0.104397,-0.100725,1.02239,2.28053,0.340243,-0.142055,0.704906,-0.313753,1.20932,0.390283,-0.392201,-0.681433,-1.69843,-0.986387,-0.51286,
0.0365783,0.126182,0.781232,2.47373,-0.234248,0.0777498,1.02431,-0.492421,-1.4043,1.40432,0.0429278,1.0785,1.08295,0.238869,-0.2147,
-0.075783,0.0635753,0.447346,2.58702,0.102727,-0.0975935,0.192976,-1.41359,-0.406744,2.2175,-0.215135,0.709569,-0.306402,0.537049,-0.46253,
0.173229,0.0600381,0.472703,2.46176,-0.113581,0.0255031,1.67259,-1.0674,-2.82874,2.27997,-0.393366,-0.150817,0.988113,0.848049,0.154967,
0.313828,-0.0816646,0.735042,2.38787,0.387301,-0.131653,1.61897,0.481927,0.883556,1.39412,1.79486,1.4025,2.07133,0.0812752,-0.213624,
0.085006,0.102928,0.99686,2.28364,-0.0201237,0.0308541,2.6007,-0.241998,-2.16598,-0.0603947,-0.787946,0.832964,1.84048,1.16413,-0.172332,
-0.0232128,0.107729,0.790138,2.77561,-0.45524,0.191009,1.47526,-1.10117,-3.04878,0.535111,1.71393,-1.39406,-1.18021,-0.127574,-0.461071,
0.253471,0.239545,0.852795,2.43453,-0.116255,0.160125,1.07328,-0.844667,-1.20758,0.796512,-0.32016,1.19658,1.61093,0.515206,-0.452208,
0.0457912,0.200038,0.958436,2.3413,-0.0581366,0.224899,1.14402,-0.705372,-0.612627,-0.196843,1.10199,0.980398,1.76275,-0.490926,-0.3227,
0.164912,0.143815,0.609431,2.19039,-0.106202,0.0983649,1.24131,-1.12725,-3.26685,2.14775,-0.56522,-0.493304,1.02908,0.0157179,0.0637235,
-0.0184507,0.111553,0.430118,2.74651,0.148196,0.0322778,1.21125,-0.192526,-2.14809,1.55681,-0.322752,1.16826,0.504723,0.0875292,0.547607,
-0.0840173,0.156149,0.879515,2.45826,-0.237095,0.184287,2.51129,-0.088342,0.200165,0.413894,1.8111,1.34349,1.84651,0.825197,-0.0574149,
0.0609082,-0.0195196,0.993335,2.26373,0.0963162,-0.0459658,0.59561,-0.0985457,-3.02702,-0.0878397,1.69385,-0.634207,-1.65514,-0.938199,-0.248951,
0.269649,0.0962858,0.701818,2.42481,0.316726,-0.15881,2.1285,-1.44697,-3.41383,1.76395,0.520225,-0.585859,-0.592247,0.964511,-0.331009,
0.219016,0.139921,0.769321,2.44602,0.247348,-0.113035,1.37087,-1.43042,-2.80489,1.50195,1.18611,-0.534415,-1.28478,0.470431,-0.355018,
-0.255964,0.00125638,0.840715,2.27162,-0.249703,0.136019,2.68811,0.529122,0.539215,1.1059,-1.18248,-1.11018,-1.23853,0.600824,-0.0746457,
-0.176585,0.109435,0.710319,2.78886,0.084223,0.0449253,2.2919,-1.16569,-2.80325,1.04713,-1.07598,1.16685,1.00254,0.562828,-0.315994,
0.288443,-0.0407011,0.606897,2.52152,-0.21301,0.0644685,0.338846,-1.40101,-2.07636,1.98495,0.0458884,-0.494367,0.532187,0.363217,-0.591468,
0.00774246,0.035137,0.323152,2.9141,-0.0519701,0.0547853,0.758145,-1.07208,-0.982787,2.33845,-0.556141,1.00683,0.254769,0.516061,-0.279478,
-0.107527,-0.106391,0.701676,2.54474,-0.643047,0.26386,2.08037,-0.944428,-3.3255,1.62846,0.758034,-0.220789,-0.195614,0.317724,-0.258656,
0.296303,-0.0236766,0.857491,2.39398,-0.0248148,0.146294,2.37764,0.0538071,0.464882,-0.223065,-1.31584,-0.622479,-1.0127,1.24897,0.0387852,
-0.0362443,0.139267,0.89048,2.26338,0.137609,-0.00392037,1.83301,0.10816,-1.07916,1.03215,0.992557,1.25528,0.777904,0.554132,-0.0302046,
0.0123215,0.272409,0.798736,2.30167,-0.195289,0.182992,0.937368,-1.16284,-1.02653,1.36723,-0.294593,0.993399,0.98256,0.598536,-0.476954,
0.168141,0.265327,0.795532,2.485,0.300779,-0.171438,1.52152,-1.39468,-3.49672,0.944978,-2.06278,1.10558,1.70335,0.133197,-0.383628,
0.0980316,0.131696,0.834408,2.11434,0.0485978,0.0592538,0.425469,-0.589296,-3.41156,1.38869,-0.904313,-0.217523,0.821763,-1.20637,0.0782759,
0.210518,0.10144,0.511958,2.59174,0.0133847,0.115861,0.561025,-0.383445,-0.356547,2.31272,-0.184003,1.14327,0.689174,1.01467,-0.741949,
-0.0481016,0.114938,0.689312,2.45329,0.115186,0.0496074,2.38782,-1.25751,-2.91833,1.84919,-0.606926,0.369062,0.483872,0.831073,-0.0945193,
-0.277408,0.0997974,0.80549,2.23239,-0.0559518,-0.121796,2.01892,-0.886296,-3.50679,1.44044,0.815232,0.0227514,-1.20793,-0.114345,-0.162821,
0.295743,0.149883,0.640001,2.24268,-0.115964,-0.0331082,1.31926,-0.82724,-2.18438,1.73619,1.28479,-0.200935,-0.510011,1.02705,-0.0361271,
-0.0279882,0.256061,0.955739,2.27995,-0.024721,0.104047,0.257133,-1.22455,-2.12984,0.773356,-0.530822,0.955888,1.10006,-1.03637,-0.492824,
0.166316,-0.0911719,0.604867,2.39445,0.234629,0.0168594,1.52325,-0.0828228,-1.90036,2.09472,1.02948,1.15005,-0.0983261,0.987048,-0.122842,
-0.062555,-0.074579,0.531174,2.74947,0.150421,-0.0638052,2.68527,-1.1513,-3.46254,2.14447,0.371553,-0.129712,-0.590564,0.839857,-0.158505,
0.0500777,0.0598326,0.981706,2.29665,0.0841476,-0.0343279,0.519735,-0.213136,0.897377,0.036334,-0.659635,-0.76344,-1.63702,-1.03769,-0.199786,
0.205728,0.172865,0.983125,2.32509,0.131808,0.0604402,1.34146,-0.816105,0.638802,-0.219787,-1.09838,-0.936653,-1.52551,0.127023,-0.445796,
-0.00530867,0.0695119,0.954556,2.3501,-0.107936,0.14932,2.2011,-0.713481,-1.75878,1.06202,0.0533667,0.840112,0.933093,1.13166,-0.375271,
0.0110934,0.0330253,0.955764,2.32727,-0.0749052,0.0880707,0.460701,-0.066713,-0.507625,1.13002,-1.94641,-1.35977,-1.81414,-0.873576,-0.468245,
-0.142006,0.016016,0.825038,2.18213,-0.174483,0.0830998,2.66669,-1.34287,-3.48759,1.93105,-1.43569,-0.399693,1.52788,0.703015,-0.442633,
0.295769,-0.107773,0.715674,2.80258,-0.0598184,-0.0327048,1.37151,-1.13556,-2.77352,1.26586,1.1021,-0.745075,-0.730438,0.618645,-0.558236,
-0.0217842,0.205784,0.964952,2.30024,-0.0267155,-0.181101,1.52636,-0.406676,0.807057,0.421103,-1.02096,-1.19229,-1.36285,-0.11218,-0.275142,
0.0606498,0.0443276,0.548458,2.74065,-0.229108,0.0953807,1.45987,-0.0208543,-3.38917,0.93622,1.25038,-0.86195,-1.0538,-0.103661,0.563045,
0.200747,-0.0160034,0.70604,2.43586,0.190274,-0.195369,0.32201,-1.26762,-1.59657,1.87492,1.86699,0.0246994,-1.83021,0.363651,-0.606917,
0.0579322,0.0674168,0.480992,2.6404,-0.394182,0.217308,0.328626,-0.302182,-3.06658,1.48233,1.74622,-0.550585,-1.21395,-1.14815,0.611872,
0.205413,-0.0167172,0.8337,2.3618,0.106358,-0.147856,0.284415,0.115608,-0.533203,1.64315,0.787791,1.37652,1.04962,-0.487768,-0.573308,
0.0955489,0.0528882,0.708911,2.36685,-0.310987,0.205002,0.0679731,-1.21743,-0.837058,1.89704,0.0680052,0.247528,0.522574,0.546993,-0.713957,
0.147992,0.014397,0.365264,2.86008,0.348859,-0.0783215,1.22562,-0.896321,-2.1956,2.13839,-0.589784,0.644423,0.56908,0.627046,0.118047,
0.162504,-0.10996,0.469932,2.80578,0.331102,-0.251504,0.936268,-0.458617,-1.61093,2.09262,-0.000645892,0.721246,0.38521,0.776732,-0.343509,
0.251717,-0.0847806,0.567459,2.77563,0.257255,0.00141174,0.527432,-1.52095,-3.19091,2.04411,0.688189,-0.380277,-0.613322,-0.57515,-0.482646,
0.165728,0.18053,0.849861,2.15016,-0.0838932,0.182603,0.530745,-0.829831,-2.70248,1.35019,-0.650556,0.0929344,1.16123,-0.585086,-0.05758,
-0.0284617,0.0987364,0.612707,2.66938,-0.231326,0.0911403,0.901882,0.196337,0.409478,-0.329041,-1.14557,-1.15054,-1.44046,-0.65219,0.537198,
0.232637,-0.059873,0.52014,2.60664,0.44038,-0.17738,0.196654,-1.11119,-0.989363,2.21259,-1.29964,-0.0575043,1.24972,1.03191,-0.799683,
-0.0322232,0.0920468,0.947137,2.44301,-0.0342963,0.0198486,1.08956,-0.454279,1.1126,0.0427496,-0.425414,-1.04634,-1.55286,-0.545081,-0.298908,
-0.0737711,0.283087,1.0084,2.1697,-0.0144866,0.181852,2.43056,-0.551208,-1.22793,0.318851,0.635629,1.04902,1.33351,0.873892,-0.260081,
-0.24503,0.108178,0.862318,2.18576,0.0175708,0.0983935,1.58236,0.194974,-1.14118,0.667833,1.175,1.07589,0.725283,-0.114266,0.0495797,
0.00569801,-0.00897138,0.892305,2.65251,0.0869807,-0.0189965,1.50383,-0.675953,-2.49839,0.488188,-0.906175,0.989415,1.30151,0.0860255,-0.370453,
0.327569,0.0865292,0.854914,2.3074,0.192039,0.0491487,0.587274,-1.18707,-1.93404,1.38483,-0.810199,0.241268,1.09719,0.267445,-0.556565,
0.330015,-0.113231,0.872302,2.56396,-0.222312,0.174046,0.384228,-0.17352,-3.20733,-0.310593,1.11855,-1.11559,-0.875468,-0.726996,-0.444119,
0.238512,0.230053,0.869913,2.44441,-0.0293523,-0.0632563,0.394768,-0.988983,1.26711,-0.387459,2.0899,1.20967,1.76937,-0.382494,-0.489576,
0.322183,0.258504,0.815371,2.13865,0.0268922,-0.0845034,1.74629,-0.6429,-2.11114,1.11698,-1.071,0.438441,1.77569,1.16567,-0.0385143,
0.0924741,0.00575856,0.515905,2.66496,0.557872,-0.189575,0.91756,-1.28368,-3.498,2.09074,-2.06756,0.291877,1.62992,-0.747468,-0.11519,
0.321778,-0.0311277,0.925821,2.33833,0.123148,-0.193527,0.786538,-0.357375,-1.93526,0.393645,-0.99323,0.679172,1.88726,-0.112718,-0.382865,
0.204008,0.0951074,0.995474,2.24679,0.295694,-0.152165,2.17975,-0.776536,-2.7961,0.660641,1.7659,-0.516898,-1.77255,0.988957,-0.342823,
0.218332,0.0106486,0.636607,2.28718,-0.00237497,-0.0898787,0.807657,-0.21565,-1.26329,2.2193,0.722446,0.678859,0.375438,0.845512,-0.500946,
-0.202144,0.000149186,0.917862,2.23252,-0.180405,0.128718,2.25503,0.293473,-0.571466,1.2731,-1.67873,-1.27621,-1.89385,0.712415,-0.328923,
0.0111598,0.213605,0.815947,2.14497,-0.114454,-0.244729,2.70816,-1.15707,-3.33688,1.71042,-0.144392,-0.550698,0.0935954,1.27426,-0.0995403,
0.288191,-0.0784119,0.866823,2.15487,0.0477178,0.0959846,0.386046,-0.907853,-1.85902,1.65871,1.5994,0.447244,-0.914633,0.0383763,-0.699138,
-0.023433,0.0259408,1.05298,2.35193,0.0424119,0.0676428,1.40033,-0.714675,-0.286674,0.154623,1.48269,1.00164,1.43793,-0.232213,-0.655658,
0.0764475,0.111805,0.920338,2.35071,0.172096,0.0390698,0.852667,-0.588727,0.751679,1.23657,-0.548066,-1.339,-1.02969,-1.26909,-0.646849,
-0.278011,0.326349,0.884898,2.18468,0.149806,-0.011327,2.25361,-0.529335,0.653997,0.505646,-0.209068,-1.20696,-1.88603,-0.0531857,-0.336774,
-0.137832,0.308287,0.917365,2.27265,-0.0677027,0.0761023,1.84461,-0.675715,0.704742,0.663465,-0.512804,-1.34512,-1.28892,-0.26475,-0.421421,
0.0209784,0.0470838,0.72809,2.75529,0.160011,-0.0462289,0.850819,-1.49251,-2.22938,1.40938,-1.25334,0.827085,1.08697,-0.0347859,-0.505388,
-0.112432,0.218181,0.999939,2.11742,0.0103123,0.0707166,2.58423,-1.03469,-3.29517,0.997582,-1.09346,0.315785,1.04969,0.77176,-0.312104,
0.0422628,-0.0570456,0.561999,2.86059,0.0924754,0.0423841,0.923829,0.442491,-1.02956,-0.335582,0.48958,1.17558,1.66596,-0.771298,0.493685,
-0.165481,0.107066,0.619919,2.41599,-0.196683,-0.0548481,1.16073,-1.51968,-3.2564,2.13103,-1.68934,0.0308851,1.66553,-0.737381,-0.194241,
0.0623547,-0.162388,0.866168,2.75218,0.243138,-0.0149732,0.931238,-1.08016,-3.49095,0.90856,-1.84468,0.72466,1.50765,-0.744396,-0.665935,
-0.134823,-0.0362245,0.755307,2.42348,-0.284263,0.161132,2.14739,-1.14469,1.05987,1.75592,-0.275184,-0.344092,0.22012,-1.25176,-0.882799,
0.126702,0.247667,0.939218,2.16858,-0.109369,-0.0146097,0.314493,-0.853886,-1.83397,0.957856,-0.627567,0.582451,1.37582,-0.506859,-0.325622,
-0.241135,0.192771,0.867141,2.15072,-0.0946635,-0.08206,1.35793,0.296865,-0.375465,1.23705,-1.6411,-1.36667,-1.99812,-0.329825,-0.127321,
-0.128159,0.0346554,0.755763,2.29322,0.179034,-0.217054,1.51003,0.462011,1.06245,1.39681,-0.958786,-1.18217,-1.37867,-0.763007,-0.00167293,
0.447029,0.292949,0.913347,2.10979,0.101461,-0.0930142,0.931715,-0.678583,-0.444391,0.162429,0.157278,1.09775,2.00008,0.275446,-0.502595,
0.026189,0.128873,0.545062,2.58297,-0.111347,0.102458,2.2349,-1.05968,0.707174,1.98055,0.256958,-0.954408,-0.197971,-0.935607,-0.548123,
0.244883,0.161598,0.8751,2.12209,-0.0826432,-0.131583,0.816132,-0.00988112,1.24499,0.872345,-1.2022,-1.28333,-0.584881,-0.650698,-0.0889019,
-0.0416677,-0.103469,0.826851,2.84991,-0.108332,-0.00467159,0.924342,-1.40883,-3.33695,1.01952,-1.63144,0.911649,1.67905,-0.842229,-0.760703,
0.0743302,0.134327,0.691931,2.41555,-0.0216847,-0.0394833,1.03518,-1.09489,-1.55793,1.82234,-0.29667,0.529877,0.573919,0.675727,-0.280801,
-0.032008,0.149352,0.563312,2.55612,-0.213779,0.120005,2.23191,-0.293885,1.43535,1.70563,-0.135006,-1.39036,-0.310552,-0.085516,0.0522719,
0.117706,-0.0870738,0.636891,2.84872,-0.106132,0.0267741,0.340846,-0.585485,-1.28021,1.6966,-0.0333525,1.16309,0.819976,-0.177568,-0.52839,
-0.122755,0.20745,0.806586,2.27441,-0.14097,0.230596,2.44304,-0.370664,0.855686,1.48711,-0.420045,-1.27475,-0.650375,-0.0186866,-0.3998,
-0.0985891,0.13835,0.466003,2.39673,-0.0232302,-0.0579518,2.24683,-0.817831,-3.18815,2.14667,-0.438478,-0.0655745,0.301547,0.536491,0.494156,
0.243086,0.174202,0.604125,2.30966,-0.0362896,-0.237323,1.73285,-0.373523,-2.98485,1.25148,1.17787,-0.552265,-0.786849,0.815062,0.485146,
-0.0179541,-0.0299648,0.432226,2.92615,0.385794,-0.0652894,1.98663,-1.20214,1.42453,2.05539,0.613278,-0.707915,-0.977331,-0.826359,-0.438842,
-0.120626,0.0376681,0.635947,2.31265,-0.00919327,0.133496,1.00991,-0.684374,-1.97249,2.04846,0.548586,1.19682,-0.316911,-0.221194,-0.133156,
0.338735,0.0161652,0.942784,2.38521,0.0938726,0.138108,0.570211,-0.314586,0.740408,0.0568237,-1.08033,-0.844452,-1.18645,-0.637289,-0.339139,
0.00859043,0.0609684,0.634507,2.74318,0.318919,-0.216609,0.437399,-1.00168,-1.99262,1.56575,-0.771176,0.808199,0.585185,-0.422953,-0.208635,
-0.121322,0.0998917,0.838024,2.36512,-0.213889,-0.0183913,1.33599,-0.708035,-2.66653,1.15218,-0.962391,0.366089,1.28308,-0.0941788,-0.0745115,
0.0475835,0.0172727,0.590756,2.61896,-0.367121,0.219438,0.228316,-0.898928,-1.18868,2.02557,-0.0395106,1.02173,0.688151,-0.167758,-0.455297,
0.0250245,-0.0265528,0.745901,2.4251,-0.309542,0.221527,2.51287,-0.789287,-2.77183,1.69014,0.345062,0.132499,0.243621,1.26403,-0.0707199,
-0.0958616,-0.028389,0.685084,2.53174,-0.17107,0.245896,1.43215,-1.51806,-2.52202,1.99407,-0.156585,0.555035,0.231652,-0.0109166,-0.47323,
0.0319884,0.156581,0.573786,2.22443,-0.27052,0.255213,0.603914,-0.844476,-2.1395,2.1313,0.45286,0.539043,0.156352,-0.240245,0.162714,
0.194881,0.0965747,0.896371,2.20867,0.13314,0.0423255,0.0787361,-0.0381323,-2.89562,0.452983,2.01882,-0.393266,-1.71874,-1.28326,0.158467,
0.0446103,-0.0451754,0.540924,2.60279,-0.381456,0.192466,1.56604,-0.0200958,-2.37196,1.54231,0.0096674,0.710672,1.0237,0.587077,0.416901,
-0.0160423,-0.0452465,0.894727,2.42944,-0.120704,0.0741182,1.25047,0.24055,-0.307169,1.19208,-1.79417,-1.39684,-1.62718,-0.174614,-0.372014,
0.286754,0.18203,0.664921,2.4596,-0.0334021,0.247259,0.814882,-0.551498,1.3887,1.54898,-0.230314,-1.34494,-0.0998049,-1.06158,-0.168405,
0.361738,0.0130012,0.94397,2.41816,0.46632,-0.193468,2.01812,-0.637581,0.545911,0.0558903,-1.45745,-1.11541,-1.63017,1.00485,-0.571669,
-0.0203075,0.0292369,0.593032,2.41621,-0.00475852,0.162776,0.463028,-0.911246,-2.58089,2.09574,0.438818,0.626842,-0.407778,-0.941051,0.0203741,
-0.0898113,0.02799,0.66915,2.48479,-0.0399766,0.0576694,2.53685,-0.548243,1.42806,1.8432,-0.307399,-0.947854,-0.356076,-0.0561702,-0.347651,
0.125873,0.00863941,0.443933,2.88548,0.370461,-0.053062,0.500029,-1.34126,-1.03415,2.01424,-1.03245,0.59585,0.739296,0.889741,-0.467865,
0.050292,-0.141518,0.783074,2.59506,-0.225061,0.0414089,0.464536,-1.32912,-3.14129,1.67517,0.558626,-0.228855,-0.29855,-0.977943,-0.576346,
-0.126568,0.0684014,0.973248,2.21433,-0.146053,0.0642465,2.04373,0.0719631,0.57799,0.602495,-1.14177,-0.912333,-1.25422,0.228805,-0.185661,
0.0904383,0.0627376,0.927713,2.34873,0.166228,0.00738537,1.75837,-1.11598,-2.88141,1.18898,2.05582,-0.346784,-2.03458,0.429658,-0.400039,
0.306218,-0.000317626,0.648533,2.27426,0.28877,-0.0955187,1.23734,-0.577854,-2.79319,1.74107,-1.62049,-0.283621,1.93275,0.387606,0.0852291,
-0.0780151,0.0449212,0.486126,2.47685,-0.317517,0.0642255,1.95761,-0.290291,-2.95298,1.77944,1.96752,-0.103971,-1.5967,0.520661,0.633025,
-0.307627,0.134649,0.931769,2.22738,-0.0951331,0.0319195,1.22756,-0.349993,-1.91199,0.231474,0.194767,0.851252,0.976526,-0.668449,-0.220091,
0.0392166,0.0260995,1.01918,2.43026,0.144944,-0.21158,0.58617,-0.687043,0.275429,0.129321,1.66331,1.09231,1.45887,-0.903001,-0.597192,
0.296876,0.208292,0.77023,2.67976,-0.16526,0.155107,2.20074,-1.17234,-3.16007,0.642658,1.17539,-1.33672,-0.8473,1.21734,-0.389338,
-0.164309,0.0666612,0.995256,2.26503,-0.069751,-0.110672,2.35644,-0.0380148,-0.0559267,0.976559,-1.60423,-1.26142,-1.68394,0.674085,-0.435743,
0.115884,-0.0144513,0.762625,2.34669,0.280399,-0.0868662,1.55561,-0.605374,1.1484,1.88663,-0.636949,-1.21175,-0.454737,-0.770986,-0.649459,
0.140679,0.118162,0.60026,2.51374,0.0848129,0.134452,2.0472,-1.13178,-2.49717,1.97676,-0.436445,0.398607,0.646671,1.09416,0.0450955,
0.0203652,-0.0213304,0.847868,2.38317,0.166672,-0.160204,0.803689,0.197651,-1.60114,-0.382846,-0.327041,0.755587,1.69678,-0.911073,0.0749348,
0.155798,0.0582875,0.488594,2.72024,-0.0424098,-0.071531,0.772874,-0.221337,-0.21767,2.29993,-0.430048,1.18011,0.831891,1.22537,-0.876306,
0.0511342,0.0205575,0.886579,2.57928,0.00957927,-0.115047,2.09134,-0.805768,-2.5878,0.85102,-1.30347,0.731038,1.5617,0.899758,-0.309023,
0.178503,0.234271,0.896744,2.43,-0.235966,0.0776276,1.80294,-0.970465,-1.63489,0.521833,-0.826975,1.19791,1.88454,1.06208,-0.460379,
0.0481202,-0.00844739,0.601202,2.37052,0.410604,-0.255558,2.09029,-1.00589,-2.36793,2.27167,0.759605,0.579683,-1.08341,1.12247,-0.0967683,
0.0281624,-0.0945236,0.604464,2.62637,-0.00167077,-0.00675208,1.77861,-1.02178,1.00582,2.14131,-0.30606,-1.01246,0.107716,-1.07647,-0.799161,
0.146155,-0.0242126,0.665296,2.5523,-0.184476,0.0737256,0.168202,-0.638832,-3.38761,1.54753,0.416702,-0.364917,-0.131763,-1.3042,0.057245,
-0.0936055,0.194806,0.856933,2.13779,-0.141818,-0.113772,0.486935,-1.41713,-2.78539,1.68641,-1.75844,-0.039087,1.74874,-0.909948,-0.329968,
0.18073,0.137907,0.489377,2.4146,-0.120126,-0.00333689,0.935096,-1.14006,-2.85609,2.12012,0.738475,-0.242761,-0.228583,0.0550674,0.198812,
0.149457,0.0699329,0.935401,2.18538,0.203841,-0.101547,2.05828,0.321336,-0.442654,1.17504,-1.8851,-1.17847,-1.94024,0.898341,-0.214708,
-0.221858,0.0979278,0.69709,2.38238,-0.0227367,-0.0625193,2.24409,-1.08311,-1.92023,1.86609,0.0891384,0.856284,-0.149747,1.03253,-0.230279,
0.229682,0.190273,0.613473,2.45818,0.23916,-0.0962499,1.43225,-0.115994,-2.46938,0.932221,-0.625806,0.886808,1.18407,0.436265,0.557978,
-0.168256,-0.0851585,0.569781,2.33443,-0.300428,0.241161,1.43675,0.996679,1.08529,2.00901,-1.23113,-1.35552,-0.915324,-1.22888,-0.122237,
-0.0413325,-0.0752864,0.990773,2.41637,0.183558,-0.187265,0.950931,-0.192443,0.247411,0.67162,1.81523,1.14988,1.38732,-0.752237,-0.550963,
0.301124,-0.0153408,0.601189,-3.13764,-0.491894,0.000684995,1.4212,-1.30399,-3.09186,1.10051,1.25357,-1.30306,-0.449166,0.515991,-0.577667,
0.214145,0.0682345,0.757462,2.69142,0.11593,-0.120859,0.0203811,-0.344159,-3.39085,0.398388,-2.03248,1.137,1.83641,-1.28976,0.00046732,
-0.0742434,-0.126153,0.743569,2.56891,-0.388411,0.168657,0.738176,-0.76521,-1.74136,1.66433,0.252196,0.853221,0.615934,-0.224425,-0.501915,
0.0304686,0.052636,0.590375,2.45925,0.381413,-0.198502,2.28386,-0.879682,0.924278,2.14922,-0.187184,-1.06401,-0.478606,-0.541039,-0.58785,
0.0253521,0.192662,0.971068,2.26556,-0.292771,0.241991,2.43049,-0.373651,-1.08091,0.658106,0.39414,1.1228,1.67541,1.24502,-0.23398,
0.165423,-0.0391447,0.745842,2.37144,-0.0527275,-0.186265,0.0404066,0.462819,-0.788966,1.7565,0.741237,1.2334,1.18685,-0.630432,-0.35284,
-0.113442,-0.0133308,0.725823,2.49553,-0.226761,-0.0257357,0.882621,-1.48798,-2.40994,1.91307,-0.328703,0.168652,0.40281,-0.283068,-0.466766,
0.20058,0.166819,0.853075,2.10669,-0.0372312,-0.135842,0.0514188,0.0383027,-2.75352,0.53002,1.42955,-0.410265,-0.962645,-1.11222,0.320105,
0.00931872,0.107815,0.692014,2.21901,-0.292098,0.218031,2.18796,-0.889259,-2.88956,1.92768,-1.34067,-0.20895,1.87639,0.915462,0.103191,
0.121914,0.07697,0.676191,2.47029,0.147252,0.0054484,1.0163,-1.56588,-1.83024,1.91874,-0.85475,0.242741,0.723898,0.687832,-0.375588,
0.0377006,-0.0910423,0.811986,2.67006,-0.246532,0.0329587,1.78043,-1.19953,-2.42091,1.39639,-1.27362,0.475661,1.68945,0.796136,-0.527972,
-0.0844579,0.0580664,0.618589,2.38433,-0.224588,0.146975,2.74676,-1.20871,-2.93839,2.22423,1.05786,0.226001,-0.853524,1.21625,-0.0263054,
